<?xml version="1.0" encoding="utf-8"?>
<COLLADA xmlns="http://www.collada.org/2005/11/COLLADASchema" version="1.4.1" xmlns:xsi="http://www.w3.org/2001/XMLSchema-instance">
  <asset>
    <contributor>
      <author>Blender User</author>
      <authoring_tool>Blender 4.5.0 commit date:2025-07-14, commit time:17:45, hash:8cb6b388974a</authoring_tool>
    </contributor>
    <created>2025-07-23T14:32:59</created>
    <modified>2025-07-23T14:32:59</modified>
    <unit name="meter" meter="1"/>
    <up_axis>Z_UP</up_axis>
  </asset>
  <library_cameras>
    <camera id="Camera-camera" name="Camera">
      <optics>
        <technique_common>
          <perspective>
            <xfov sid="xfov">39.59775</xfov>
            <aspect_ratio>1.777778</aspect_ratio>
            <znear sid="znear">0.1</znear>
            <zfar sid="zfar">100</zfar>
          </perspective>
        </technique_common>
      </optics>
      <extra>
        <technique profile="blender">
          <shiftx sid="shiftx" type="float">0</shiftx>
          <shifty sid="shifty" type="float">0</shifty>
          <dof_distance sid="dof_distance" type="float">10</dof_distance>
        </technique>
      </extra>
    </camera>
  </library_cameras>
  <library_effects>
    <effect id="材质-effect">
      <profile_COMMON>
        <newparam sid="fire_extinguisher_png-surface">
          <surface type="2D">
            <init_from>fire_extinguisher_png</init_from>
          </surface>
        </newparam>
        <newparam sid="fire_extinguisher_png-sampler">
          <sampler2D>
            <source>fire_extinguisher_png-surface</source>
          </sampler2D>
        </newparam>
        <technique sid="common">
          <lambert>
            <emission>
              <color sid="emission">0 0 0 1</color>
            </emission>
            <diffuse>
              <texture texture="fire_extinguisher_png-sampler" texcoord="UV贴图"/>
            </diffuse>
            <index_of_refraction>
              <float sid="ior">1.5</float>
            </index_of_refraction>
          </lambert>
        </technique>
      </profile_COMMON>
    </effect>
  </library_effects>
  <library_images>
    <image id="fire_extinguisher_png" name="fire_extinguisher_png">
      <init_from>fire_extinguisher.png</init_from>
    </image>
  </library_images>
  <library_materials>
    <material id="材质-material" name="材质">
      <instance_effect url="#材质-effect"/>
    </material>
  </library_materials>
  <library_geometries>
    <geometry id="灭火器-mesh" name="灭火器">
      <mesh>
        <source id="灭火器-mesh-positions">
          <float_array id="灭火器-mesh-positions-array" count="1848">0.02546244 -0.007768511 5.167e-4 0.02259838 -0.01008123 5.167e-4 0.02292442 -0.0104072 5.167e-4 0.02657151 -0.00379616 5.167e-4 0.02475035 -0.005482256 5.167e-4 0.02475035 -0.006211221 5.167e-4 0.02191239 -0.0103802 5.167e-4 0.02546244 -0.007006406 5.167e-4 0.02988833 -0.002211213 5.167e-4 0.02821427 -0.002963364 5.167e-4 0.01861429 -0.01020562 5.167e-4 0.01812851 -0.01079112 5.167e-4 0.0197767 -0.01218551 5.16699e-4 0.02931165 -0.009282708 5.167e-4 0.03009468 -0.00579518 5.167e-4 0.02885097 -0.009932279 5.167e-4 0.02546244 -0.0104072 5.167e-4 0.02546244 -0.01148295 5.167e-4 0.01990073 -0.03230762 5.16699e-4 0.03446418 -0.04126703 5.16698e-4 0.0348249 -0.04083102 5.16698e-4 0.025164 -0.007004737 5.167e-4 0.02508413 -0.006997346 5.167e-4 0.02447646 -0.006597399 5.167e-4 0.02490162 -0.007002532 5.167e-4 0.01906126 -0.04113954 5.16698e-4 0.019661 -0.04100382 5.16698e-4 0.0165562 -0.03371524 5.16698e-4 0.01674258 -0.03258955 5.16699e-4 0.01730161 -0.03230762 5.16699e-4 0.01920109 -0.03230762 5.16699e-4 0.03034979 -0.006462574 5.167e-4 0.03024017 -0.006304383 5.167e-4 0.03446418 -0.04223322 5.16698e-4 0.0348249 -0.04743266 5.16698e-4 0.0348249 -0.04267477 5.16698e-4 0.03495627 -0.04041612 5.16698e-4 0.03495627 -0.03851443 5.16698e-4 0.03446418 -0.03810727 5.16698e-4 0.01972973 -0.01831215 5.16699e-4 0.03446418 -0.01851308 5.16699e-4 0.01974815 -0.01764112 5.16699e-4 0.02461165 -0.004814863 5.167e-4 0.02457928 -0.004823684 5.167e-4 0.0245471 -0.004838168 5.167e-4 0.02451479 -0.004859089 5.167e-4 0.02517259 -0.007006406 5.167e-4 0.03028881 -0.005251407 5.167e-4 0.03042352 -0.005126297 5.167e-4 0.02903103 -0.01148295 5.167e-4 0.02974361 -0.01155555 5.167e-4 0.03471022 -0.01831215 5.16699e-4 0.0301671 -0.006150126 5.167e-4 0.0301159 -0.005973696 5.167e-4 0.02439397 -0.005122363 5.167e-4 0.02440053 -0.005176424 5.167e-4 0.02441644 -0.005232572 5.167e-4 0.0165562 -0.04083102 5.16698e-4 0.01718711 -0.04104369 5.16698e-4 0.01972973 -0.04098314 5.16698e-4 0.01990073 -0.04126703 5.16698e-4 0.03464418 -0.04779356 5.16698e-4 0.01990073 -0.04223322 5.16698e-4 0.02983903 -0.04981106 5.16698e-4 0.03097718 -0.04966878 5.16698e-4 0.02022939 -0.01164174 5.16699e-4 0.02259838 -0.008094668 5.167e-4 0.02073436 -0.01116031 5.167e-4 0.02129411 -0.01073986 5.167e-4 0.02241408 -0.0125032 5.16699e-4 0.02175909 -0.0129854 5.16699e-4 0.02118033 -0.01351094 5.16699e-4 0.02067583 -0.01407784 5.16699e-4 0.02503824 -0.004663228 5.167e-4 0.02475035 -0.004836082 5.167e-4 0.02471452 -0.004821479 5.167e-4 0.03010076 -0.005654513 5.167e-4 0.02532571 -0.04997473 5.16698e-4 0.02667707 -0.05000025 5.16698e-4 0.02825379 -0.04994577 5.16698e-4 0.02282971 -0.007768511 5.167e-4 0.01937508 -0.01279383 5.16699e-4 0.0244342 -0.01159447 5.16699e-4 0.02382522 -0.01178014 5.16699e-4 0.02311599 -0.01209288 5.16699e-4 0.02467733 -0.004813075 5.167e-4 0.02464282 -0.004811346 5.167e-4 0.02448064 -0.004889786 5.167e-4 0.02445065 -0.004926681 5.167e-4 0.02442467 -0.004971385 5.167e-4 0.02442079 -0.006744682 5.167e-4 0.0244252 -0.006777107 5.167e-4 0.02458667 -0.00696814 5.167e-4 0.02443534 -0.006811499 5.167e-4 0.03012388 -0.005539059 5.167e-4 0.03015983 -0.005442023 5.167e-4 0.03021615 -0.005343139 5.167e-4 0.01781773 -0.04116481 5.16698e-4 0.01844048 -0.04119563 5.16698e-4 0.03843575 -0.01140141 5.167e-4 0.03723287 -0.01177889 5.16699e-4 0.03753691 -0.01230663 5.16699e-4 0.03851914 -0.01214975 5.16699e-4 0.03852522 -0.01198816 5.16699e-4 0.0385012 -0.01168483 5.16699e-4 0.02440571 -0.005021274 5.167e-4 0.02439582 -0.005071103 5.167e-4 0.02444356 -0.005290567 5.167e-4 0.02448034 -0.005344331 5.167e-4 0.02452629 -0.005391895 5.167e-4 0.02457374 -0.0054273 5.167e-4 0.02462989 -0.005456149 5.167e-4 0.0246886 -0.005474388 5.167e-4 0.02459979 -0.006973564 5.167e-4 0.02465331 -0.006989717 5.167e-4 0.02474361 -0.007002532 5.167e-4 0.03068548 -0.004949927 5.167e-4 0.03153026 -0.004493117 5.167e-4 0.0315957 -0.001538932 5.167e-4 0.03390395 -0.003284871 5.167e-4 0.0333383 -9.46131e-4 5.167e-4 0.03511834 -4.32619e-4 5.167e-4 0.03189659 -0.04949593 5.16698e-4 0.03256922 -0.04930347 5.16698e-4 0.03314614 -0.04906821 5.16698e-4 0.02903103 -0.01008123 5.167e-4 0.02499413 -0.01149857 5.167e-4 0.02029412 -0.01461887 5.16699e-4 0.02001166 -0.01514351 5.16699e-4 0.01982468 -0.01563876 5.16699e-4 0.02443772 -0.006653785 5.167e-4 0.02442705 -0.006683051 5.167e-4 0.02442157 -0.006712675 5.167e-4 0.02445387 -0.00685054 5.167e-4 0.02447867 -0.006886601 5.167e-4 0.02454704 -0.006947338 5.167e-4 0.0245105 -0.006920039 5.167e-4 0.03822761 -0.001834452 5.167e-4 0.03821378 -0.001272559 5.167e-4 0.03811371 -7.25422e-4 5.167e-4 0.0379284 -1.93986e-4 5.167e-4 0.0378378 0 5.167e-4 0.03693205 0 5.167e-4 0.02264344 -0.04956978 5.16698e-4 0.02344638 -0.0497601 5.16698e-4 0.02433401 -0.04989492 5.16698e-4 0.03364533 -0.04878854 5.16698e-4 0.03406304 -0.04847466 5.16698e-4 0.03439944 -0.0481339 5.16698e-4 0.01971644 -0.01616042 5.16699e-4 0.01969844 -0.01664507 5.16699e-4 0.02178841 -0.008277297 5.167e-4 0.02104365 -0.008530378 5.167e-4 0.02035808 -0.008850872 5.167e-4 0.03471803 -0.01639205 5.16699e-4 0.03446161 -0.01552104 5.16699e-4 0.03049564 -0.01170605 5.16699e-4 0.03414118 -0.01473969 5.16699e-4 0.03117865 -0.01192444 5.16699e-4 0.03376865 -0.01406311 5.16699e-4 0.03180021 -0.01220923 5.16699e-4 0.03334766 -0.01348036 5.16699e-4 0.03236645 -0.01256138 5.16699e-4 0.03287959 -0.01298171 5.16699e-4 0.02445459 -0.006624162 5.167e-4 0.01972699 -0.009236931 5.167e-4 0.01914662 -0.009688198 5.167e-4 0.03764462 -0.01255357 5.16699e-4 0.03782474 -0.01267236 5.16699e-4 0.038356 -0.01263791 5.16699e-4 0.03839504 -0.01258474 5.16699e-4 0.02062356 -0.04865586 5.16698e-4 0.02124089 -0.04901969 5.16698e-4 0.02191162 -0.04932343 5.16698e-4 0.03101402 -0.006954193 5.167e-4 0.03070122 -0.006773173 5.167e-4 0.03049778 -0.006616234 5.167e-4 0.0383237 -0.01112776 5.167e-4 0.03805112 -0.0106616 5.167e-4 0.03683906 -0.01128393 5.167e-4 0.03761738 -0.01007801 5.167e-4 0.03635996 -0.0108329 5.167e-4 0.03711056 -0.009541332 5.167e-4 0.03580647 -0.01043891 5.167e-4 0.03654617 -0.00907135 5.167e-4 0.03518587 -0.01011055 5.167e-4 0.03594952 -0.008686304 5.167e-4 0.03457117 -0.009876668 5.167e-4 0.0379371 -0.01272362 5.16699e-4 0.03802186 -0.0127477 5.16699e-4 0.03808909 -0.01275599 5.16699e-4 0.03814518 -0.01275408 5.16699e-4 0.03819435 -0.01274454 5.16699e-4 0.03823143 -0.01273161 5.16699e-4 0.03827536 -0.01270866 5.16699e-4 0.03831642 -0.01267808 5.16699e-4 0.03844082 -0.01249682 5.16699e-4 0.03848528 -0.01236164 5.16699e-4 0.01951956 -0.04259341 5.16698e-4 0.01951956 -0.04772144 5.16698e-4 0.02005398 -0.04822802 5.16698e-4 0.03373348 -0.007811903 5.167e-4 0.03379154 -0.009676933 5.167e-4 0.03457605 -0.008073687 5.167e-4 0.0353083 -0.008363127 5.167e-4 0.03156453 -0.007196366 5.167e-4 0.03034025 -0.009376347 5.167e-4 0.03224033 -0.007420241 5.167e-4 0.03206586 -0.009468019 5.167e-4 0.03296363 -0.009547591 5.167e-4 0.01768916 -0.01144737 5.167e-4 0.01732283 -0.01212412 5.16699e-4 0.01902496 -0.01346957 5.16699e-4 0.01697659 -0.01292645 5.16699e-4 0.01872813 -0.01421546 5.16699e-4 0.01668417 -0.01380497 5.16699e-4 0.01849925 -0.01498651 5.16699e-4 0.01644927 -0.01476132 5.16699e-4 0.01831543 -0.01587474 5.16699e-4 0.01627701 -0.01579254 5.16699e-4 0.01819711 -0.01683139 5.16699e-4 0.01617294 -0.01689165 5.16699e-4 0.01814883 -0.01785182 5.16699e-4 0.01614218 -0.01804614 5.16699e-4 0.0181744 -0.01892495 5.16699e-4 0.0161913 -0.01934111 5.16699e-4 0.01827007 -0.02006053 5.16699e-4 0.016312 -0.02064192 5.16699e-4 0.01844727 -0.0214346 5.16699e-4 0.01656693 -0.02249956 5.16699e-4 0.0187397 -0.02345412 5.16699e-4 0.01691383 -0.02470827 5.16699e-4 0.01894682 -0.02530544 5.16699e-4 0.0171445 -0.02640587 5.16699e-4 0.01908761 -0.02724224 5.16699e-4 0.0172888 -0.0280022 5.16699e-4 0.01917147 -0.02937054 5.16699e-4 0.01735794 -0.02969902 5.16699e-4 0.0173422 -0.03142136 5.16699e-4 0.02259838 -0.008094668 0 0.02282971 -0.007768511 0 0.02259838 -0.01008123 0 0.01920109 -0.03230762 0 0.0165562 -0.03371524 0 0.01674258 -0.03258955 0 0.02292442 -0.0104072 0 0.02546244 -0.007768511 0 0.02546244 -0.0104072 0 0.03189659 -0.04949593 0 0.03097718 -0.04966878 0 0.01990073 -0.04223322 0 0.03446418 -0.03810727 0 0.03495627 -0.03851443 0 0.03495627 -0.04041612 0 0.02546244 -0.01148295 0 0.02885097 -0.009932279 0 0.02903103 -0.01148295 0 0.02974361 -0.01155555 0 0.03446418 -0.01851308 0 0.02178841 -0.008277297 0 0.02191239 -0.0103802 0 0.02104365 -0.008530378 0 0.02983903 -0.04981106 0 0.02825379 -0.04994577 0 0.02667707 -0.05000025 0 0.0348249 -0.04743266 0 0.01990073 -0.04126703 0 0.01990073 -0.03230762 0 0.01972973 -0.04098314 0 0.019661 -0.04100382 0 0.01906126 -0.04113954 0 0.01844048 -0.04119563 0 0.01972973 -0.01831215 0 0.01974815 -0.01764112 0 0.01969844 -0.01664507 0 0.0348249 -0.04267477 0 0.03446418 -0.04223322 0 0.03446418 -0.04126703 0 0.0348249 -0.04083102 0 0.03821378 -0.001272559 0 0.03822761 -0.001834452 0 0.03390395 -0.003284871 0 0.02035808 -0.008850872 0 0.02129411 -0.01073986 0 0.01972699 -0.009236931 0 0.02073436 -0.01116031 0 0.01914662 -0.009688198 0 0.01781773 -0.04116481 0 0.01718711 -0.04104369 0 0.0165562 -0.04083102 0 0.02118033 -0.01351094 0 0.02175909 -0.0129854 0 0.02241408 -0.0125032 0 0.03009468 -0.00579518 0 0.0301159 -0.005973696 0 0.02931165 -0.009282708 0 0.0301671 -0.006150126 0 0.03364533 -0.04878854 0 0.03314614 -0.04906821 0 0.03256922 -0.04930347 0 0.03693205 0 0 0.0378378 0 0 0.0379284 -1.93986e-4 0 0.03015983 -0.005442023 0 0.02546244 -0.007006406 0 0.03021615 -0.005343139 0 0.02988833 -0.002211213 0 0.03028881 -0.005251407 0 0.03042352 -0.005126297 0 0.03012388 -0.005539059 0 0.03010076 -0.005654513 0 0.02475035 -0.005482256 0 0.02475035 -0.006211221 0 0.02517259 -0.007006406 0 0.02475035 -0.004836082 0 0.02503824 -0.004663228 0 0.02657151 -0.00379616 0 0.02821427 -0.002963364 0 0.03464418 -0.04779356 0 0.03439944 -0.0481339 0 0.03406304 -0.04847466 0 0.02532571 -0.04997473 0 0.02433401 -0.04989492 0 0.02344638 -0.0497601 0 0.02001166 -0.01514351 0 0.02029412 -0.01461887 0 0.02067583 -0.01407784 0 0.03024017 -0.006304383 0 0.03034979 -0.006462574 0 0.03049778 -0.006616234 0 0.0333383 -9.46131e-4 0 0.03511834 -4.32619e-4 0 0.02445065 -0.004926681 0 0.02448064 -0.004889786 0 0.02451479 -0.004859089 0 0.0245471 -0.004838168 0 0.02457928 -0.004823684 0 0.02461165 -0.004814863 0 0.02464282 -0.004811346 0 0.01861429 -0.01020562 0 0.02022939 -0.01164174 0 0.01812851 -0.01079112 0 0.0197767 -0.01218551 0 0.01768916 -0.01144737 0 0.01937508 -0.01279383 0 0.01732283 -0.01212412 0 0.01902496 -0.01346957 0 0.01697659 -0.01292645 0 0.02311599 -0.01209288 0 0.02382522 -0.01178014 0 0.0244342 -0.01159447 0 0.03811371 -7.25422e-4 0 0.0315957 -0.001538932 0 0.03153026 -0.004493117 0 0.03068548 -0.004949927 0 0.02443534 -0.006811499 0 0.0244252 -0.006777107 0 0.02458667 -0.00696814 0 0.02441644 -0.005232572 0 0.02440053 -0.005176424 0 0.02439397 -0.005122363 0 0.02439582 -0.005071103 0 0.02499413 -0.01149857 0 0.02903103 -0.01008123 0 0.0385012 -0.01168483 0 0.03753691 -0.01230663 0 0.03843575 -0.01140141 0 0.03723287 -0.01177889 0 0.025164 -0.007004737 0 0.02508413 -0.006997346 0 0.02447646 -0.006597399 0 0.02490162 -0.007002532 0 0.02474361 -0.007002532 0 0.02467733 -0.004813075 0 0.02471452 -0.004821479 0 0.02264344 -0.04956978 0 0.02191162 -0.04932343 0 0.02124089 -0.04901969 0 0.01971644 -0.01616042 0 0.01982468 -0.01563876 0 0.03683906 -0.01128393 0 0.03805112 -0.0106616 0 0.0383237 -0.01112776 0 0.02465331 -0.006989717 0 0.02459979 -0.006973564 0 0.02454704 -0.006947338 0 0.0245105 -0.006920039 0 0.02447867 -0.006886601 0 0.0246886 -0.005474388 0 0.02462989 -0.005456149 0 0.02457374 -0.0054273 0 0.02452629 -0.005391895 0 0.02448034 -0.005344331 0 0.02444356 -0.005290567 0 0.02440571 -0.005021274 0 0.02442467 -0.004971385 0 0.03471022 -0.01831215 0 0.03471803 -0.01639205 0 0.03446161 -0.01552104 0 0.03049564 -0.01170605 0 0.03414118 -0.01473969 0 0.03117865 -0.01192444 0 0.03376865 -0.01406311 0 0.03180021 -0.01220923 0 0.03334766 -0.01348036 0 0.03236645 -0.01256138 0 0.03287959 -0.01298171 0 0.02445387 -0.00685054 0 0.02442079 -0.006744682 0 0.02442157 -0.006712675 0 0.02442705 -0.006683051 0 0.03802186 -0.0127477 0 0.0379371 -0.01272362 0 0.03782474 -0.01267236 0 0.03764462 -0.01255357 0 0.01951956 -0.04772144 0 0.01951956 -0.04259341 0 0.02005398 -0.04822802 0 0.02062356 -0.04865586 0 0.03852522 -0.01198816 0 0.03851914 -0.01214975 0 0.03848528 -0.01236164 0 0.038356 -0.01263791 0 0.03831642 -0.01267808 0 0.02443772 -0.006653785 0 0.02445459 -0.006624162 0 0.03844082 -0.01249682 0 0.03839504 -0.01258474 0 0.03827536 -0.01270866 0 0.03823143 -0.01273161 0 0.03819435 -0.01274454 0 0.03814518 -0.01275408 0 0.03808909 -0.01275599 0 0.01730161 -0.03230762 0 0.0173422 -0.03142136 0 0.01917147 -0.02937054 0 0.01735794 -0.02969902 0 0.01908761 -0.02724224 0 0.0172888 -0.0280022 0 0.01894682 -0.02530544 0 0.01668417 -0.01380497 0 0.01872813 -0.01421546 0 0.01644927 -0.01476132 0 0.01849925 -0.01498651 0 0.01627701 -0.01579254 0 0.01831543 -0.01587474 0 0.01617294 -0.01689165 0 0.01819711 -0.01683139 0 0.01614218 -0.01804614 0 0.01814883 -0.01785182 0 0.0161913 -0.01934111 0 0.0181744 -0.01892495 0 0.016312 -0.02064192 0 0.01827007 -0.02006053 0 0.01656693 -0.02249956 0 0.03070122 -0.006773173 0 0.03101402 -0.006954193 0 0.03034025 -0.009376347 0 0.03156453 -0.007196366 0 0.03206586 -0.009468019 0 0.03224033 -0.007420241 0 0.03296363 -0.009547591 0 0.03373348 -0.007811903 0 0.03379154 -0.009676933 0 0.03457605 -0.008073687 0 0.03457117 -0.009876668 0 0.0353083 -0.008363127 0 0.03518587 -0.01011055 0 0.03594952 -0.008686304 0 0.03580647 -0.01043891 0 0.03654617 -0.00907135 0 0.03635996 -0.0108329 0 0.03711056 -0.009541332 0 0.03761738 -0.01007801 0 0.0171445 -0.02640587 0 0.01691383 -0.02470827 0 0.0187397 -0.02345412 0 0.01844727 -0.0214346 0 0.01951956 -0.04772144 0 0.02005398 -0.04822802 0 0.02062356 -0.04865586 0 0.02124089 -0.04901969 0 0.02191162 -0.04932343 0 0.02264344 -0.04956978 0 0.02344638 -0.0497601 0 0.02433401 -0.04989492 0 0.02532571 -0.04997473 0 0.02667707 -0.05000025 0 0.02825379 -0.04994577 0 0.02983903 -0.04981106 0 0.03097718 -0.04966878 0 0.03189659 -0.04949593 0 0.03256922 -0.04930347 0 0.03314614 -0.04906821 0 0.03364533 -0.04878854 0 0.03406304 -0.04847466 0 0.03439944 -0.0481339 0 0.03464418 -0.04779356 0 0.0348249 -0.04743266 0 0.0348249 -0.04083102 0 0.03446418 -0.04126703 0 0.03495627 -0.04041612 0 0.03471803 -0.01639205 0 0.03471022 -0.01831215 0 0.03414118 -0.01473969 0 0.03287959 -0.01298171 0 0.02931165 -0.009282708 0 0.02885097 -0.009932279 0 0.02931165 -0.009282708 0 0.03034025 -0.009376347 0 0.03206586 -0.009468019 0 0.03296363 -0.009547591 0 0.03379154 -0.009676933 0 0.03457117 -0.009876668 0 0.03518587 -0.01011055 0 0.03580647 -0.01043891 0 0.03635996 -0.0108329 0 0.03683906 -0.01128393 0 0.03764462 -0.01255357 0 0.03764462 -0.01255357 0 0.03782474 -0.01267236 0 0.0379371 -0.01272362 0 0.03802186 -0.0127477 0 0.03808909 -0.01275599 0 0.03814518 -0.01275408 0 0.03819435 -0.01274454 0 0.03823143 -0.01273161 0 0.03831642 -0.01267808 0 0.038356 -0.01263791 0 0.03839504 -0.01258474 0 0.03844082 -0.01249682 0 0.03848528 -0.01236164 0 0.03851914 -0.01214975 0 0.03852522 -0.01198816 0 0.0385012 -0.01168483 0 0.03843575 -0.01140141 0 0.0383237 -0.01112776 0 0.03805112 -0.0106616 0 0.03761738 -0.01007801 0 0.03711056 -0.009541332 0 0.03654617 -0.00907135 0 0.03594952 -0.008686304 0 0.0353083 -0.008363127 0 0.03457605 -0.008073687 0 0.03224033 -0.007420241 0 0.03101402 -0.006954193 0 0.03070122 -0.006773173 0 0.03049778 -0.006616234 0 0.03034979 -0.006462574 0 0.03024017 -0.006304383 0 0.0301159 -0.005973696 0 0.03009468 -0.00579518 0 0.03010076 -0.005654513 0 0.03015983 -0.005442023 0 0.03021615 -0.005343139 0 0.03028881 -0.005251407 0 0.03042352 -0.005126297 0 0.03068548 -0.004949927 0 0.03153026 -0.004493117 0 0.03390395 -0.003284871 0 0.02471452 -0.004821479 0 0.02467733 -0.004813075 0 0.02464282 -0.004811346 0 0.0245471 -0.004838168 0 0.0244252 -0.006777107 0 0.02259838 -0.008094668 0 0.02178841 -0.008277297 0 0.02104365 -0.008530378 0 0.01972699 -0.009236931 0 0.01914662 -0.009688198 0 0.01861429 -0.01020562 0 0.01768916 -0.01144737 0 0.01732283 -0.01212412 0 0.01697659 -0.01292645 0 0.01668417 -0.01380497 0 0.01644927 -0.01476132 0 0.01627701 -0.01579254 0 0.01617294 -0.01689165 0 0.01614218 -0.01804614 0 0.0161913 -0.01934111 0 0.016312 -0.02064192 0 0.01656693 -0.02249956 0 0.01691383 -0.02470827 0 0.0171445 -0.02640587 0 0.0172888 -0.0280022 0 0.01735794 -0.02969902 0 0.0173422 -0.03142136 0 0.01730161 -0.03230762 0 0.01718711 -0.04104369 0 0.0244342 -0.01159447 0 0.02175909 -0.0129854 0 0.02118033 -0.01351094 0 0.01971644 -0.01616042 0 0.01974815 -0.01764112 0 0.01920109 -0.03230762 0 0.01917147 -0.02937054 0 0.01894682 -0.02530544 0 0.0187397 -0.02345412 0 0.01844727 -0.0214346 0 0.01827007 -0.02006053 0 0.0181744 -0.01892495 0 0.01814883 -0.01785182 0 0.01819711 -0.01683139 0 0.01831543 -0.01587474 0 0.01849925 -0.01498651 0 0.01872813 -0.01421546 0 0.01902496 -0.01346957 0 0.01937508 -0.01279383 0 0.0197767 -0.01218551 0 0.02022939 -0.01164174 0 0.02073436 -0.01116031 0 0.02129411 -0.01073986 0 0.02191239 -0.0103802 0 0.02259838 -0.01008123 0 0.01990073 -0.03230762 0 0.01972973 -0.01831215 0</float_array>
          <technique_common>
            <accessor source="#灭火器-mesh-positions-array" count="616" stride="3">
              <param name="X" type="float"/>
              <param name="Y" type="float"/>
              <param name="Z" type="float"/>
            </accessor>
          </technique_common>
        </source>
        <source id="灭火器-mesh-normals">
          <float_array id="灭火器-mesh-normals-array" count="2868">0 0 1 0 0 1 0 0 1 0 0 1 0 0 1 0 0 1 0 0 1 0 0 1 0 0 1 0 0 1 0 0 1 0 0 1 0 0 1 0 0 1 0 0 1 0 0 1 0 0 1 0 0 1 0 0 1 0 0 1 0 0 1 0 0 1 0 0 1 0 0 1 0 0 1 0 0 1 0 0 1 0 0 1 0 0 1 0 0 1 0 0 1 0 0 1 0 0 1 0 0 1 0 0 1 0 0 1 5.19943e-7 -1.79144e-7 1 -1.45843e-7 0 1 0 0 1 0 0 1 0 0 1 0 0 1 0 0 1 0 0 1 0 0 1 0 0 1 0 0 1 0 0 1 2.98812e-7 -2.48797e-7 1 -1.88119e-7 0 1 0 0 1 0 0 1 0 0 1 0 0 1 0 0 1 0 0 1 0 0 1 0 0 1 0 0 1 0 0 1 0 0 1 0 0 1 0 0 1 0 0 1 0 0 1 0 0 1 -3.87746e-7 5.04773e-7 1 0 0 1 0 0 1 0 0 1 0 0 1 0 0 1 0 0 1 0 0 1 0 0 1 0 0 1 -1.06859e-6 -6.81301e-7 1 0 0 1 0 0 1 0 0 1 0 0 1 0 0 1 0 0 1 0 0 1 0 0 1 0 0 1 0 0 1 0 0 1 0 0 1 0 0 1 0 -1.78748e-7 1 0 0 1 0 0 1 0 0 1 0 0 1 0 0 1 0 0 1 0 0 1 0 0 1 0 0 1 0 0 1 0 0 1 0 0 1 -1.73847e-7 0 1 0 0 1 0 0 1 0 0 1 0 0 1 0 0 1 0 0 1 0 0 1 0 0 1 0 0 1 0 0 1 0 0 1 0 0 1 0 -1.5443e-7 1 0 0 1 0 0 1 0 0 1 0 0 1 0 0 1 0 0 1 0 0 1 0 0 1 0 0 1 0 0 1 0 0 1 0 0 1 0 0 1 0 0 1 0 0 1 0 0 1 0 0 1 0 0 1 0 0 1 0 -1.32842e-7 1 0 0 1 0 0 1 0 0 1 0 0 1 0 0 1 0 0 1 0 0 1 0 0 1 0 0 1 0 0 1 0 0 1 0 0 1 0 0 1 0 0 1 0 0 1 0 0 1 0 -1.22297e-7 1 0 -1.78832e-7 1 0 -1.88438e-7 1 4.91147e-7 4.61032e-7 1 0 0 1 0 0 1 0 0 1 0 0 1 0 0 1 0 0 1 4.53504e-7 1.97733e-7 1 0 0 1 0 0 1 0 0 1 0 0 1 0 0 1 0 0 1 0 0 1 0 0 1 0 0 1 0 0 1 0 0 1 0 0 1 0 0 1 0 0 1 0 0 1 0 0 1 0 0 1 0 0 1 0 -2.48316e-7 1 0 -1.91943e-7 1 0 -1.52587e-7 1 0 -1.24338e-7 1 0 0 1 0 0 1 0 0 1 0 0 1 -4.19231e-7 -1.03654e-6 1 0 0 1 0 0 1 0 0 1 0 0 1 0 0 1 0 0 1 0 0 1 0 0 1 0 0 1 0 0 1 0 0 1 0 0 1 0 0 1 0 0 1 0 0 1 0 0 1 0 0 1 0 0 1 0 0 1 0 0 1 0 0 1 0 0 1 0 0 1 0 0 1 0 0 1 0 0 1 0 0 1 0 0 1 0 0 1 0 0 1 0 0 1 0 0 1 0 0 1 0 0 1 0 0 1 0 0 1 0 0 1 0 0 1 0 0 1 0 0 1 0 0 1 0 0 1 0 0 1 0 0 1 0 0 1 0 0 1 0 0 1 0 0 1 0 0 -1 0 0 -1 0 0 -1 0 0 -1 0 0 -1 0 0 -1 0 0 -1 0 0 -1 0 0 -1 0 0 -1 0 0 -1 0 0 -1 0 0 -1 0 0 -1 0 0 -1 0 0 -1 0 0 -1 0 0 -1 0 0 -1 0 0 -1 0 0 -1 0 0 -1 0 0 -1 0 0 -1 0 0 -1 0 0 -1 0 0 -1 0 0 -1 0 0 -1 0 0 -1 0 0 -1 0 0 -1 0 0 -1 0 0 -1 0 0 -1 0 0 -1 0 0 -1 0 0 -1 0 0 -1 0 0 -1 0 0 -1 0 0 -1 0 0 -1 0 0 -1 0 0 -1 0 0 -1 0 0 -1 0 0 -1 0 0 -1 0 0 -1 0 0 -1 0 0 -1 0 0 -1 0 0 -1 0 0 -1 0 0 -1 0 0 -1 0 0 -1 0 0 -1 0 0 -1 0 0 -1 0 0 -1 0 0 -1 0 0 -1 0 0 -1 0 0 -1 0 0 -1 0 0 -1 0 0 -1 0 0 -1 0 0 -1 0 0 -1 0 0 -1 0 0 -1 0 0 -1 0 0 -1 0 0 -1 0 0 -1 0 0 -1 0 0 -1 0 0 -1 0 0 -1 0 0 -1 0 0 -1 0 0 -1 0 0 -1 0 0 -1 0 0 -1 0 0 -1 0 0 -1 0 0 -1 0 0 -1 0 0 -1 0 0 -1 0 0 -1 0 0 -1 0 0 -1 0 0 -1 0 0 -1 0 0 -1 0 0 -1 0 0 -1 0 0 -1 0 0 -1 0 0 -1 0 0 -1 0 0 -1 0 0 -1 0 0 -1 0 0 -1 0 0 -1 0 0 -1 0 0 -1 0 0 -1 0 0 -1 0 0 -1 0 0 -1 0 0 -1 0 0 -1 0 0 -1 0 0 -1 0 0 -1 0 0 -1 0 0 -1 0 0 -1 0 0 -1 0 0 -1 0 0 -1 0 0 -1 0 0 -1 0 0 -1 0 0 -1 0 0 -1 0 0 -1 0 0 -1 0 0 -1 0 0 -1 0 0 -1 0 0 -1 0 0 -1 0 0 -1 0 0 -1 0 0 -1 0 0 -1 0 0 -1 0 0 -1 0 0 -1 0 0 -1 0 0 -1 0 0 -1 0 0 -1 0 0 -1 0 0 -1 0 0 -1 0 0 -1 0 0 -1 0 0 -1 0 0 -1 0 0 -1 0 0 -1 0 0 -1 0 0 -1 0 0 -1 0 0 -1 0 0 -1 0 0 -1 0 0 -1 0 0 -1 0 0 -1 0 0 -1 0 0 -1 0 0 -1 0 0 -1 0 0 -1 0 0 -1 0 0 -1 0 0 -1 0 0 -1 0 0 -1 0 0 -1 0 0 -1 0 0 -1 0 0 -1 0 0 -1 0 0 -1 0 0 -1 0 0 -1 0 0 -1 0 0 -1 0 0 -1 0 0 -1 0 0 -1 0 0 -1 0 0 -1 0 0 -1 0 0 -1 0 0 -1 0 0 -1 0 0 -1 0 0 -1 0 0 -1 0 0 -1 0 0 -1 0 0 -1 0 0 -1 0 0 -1 0 0 -1 0 0 -1 0 0 -1 0 0 -1 0 0 -1 0 0 -1 0 0 -1 0 0 -1 0 0 -1 0 0 -1 0 0 -1 0 0 -1 0 0 -1 0 0 -1 0 0 -1 0 0 -1 0 0 -1 0 0 -1 0 0 -1 0 0 -1 0 0 -1 0 0 -1 0 0 -1 0 0 -1 0 0 -1 0 0 -1 0 0 -1 0 0 -1 0 0 -1 0 0 -1 0 0 -1 0 0 -1 0 0 -1 -0.686814 0.7268333 0 -0.6868139 0.7268333 0 -1 0 0 -1 0 0 -0.6879801 -0.7257296 0 -0.6879801 -0.7257296 0 -0.6005742 -0.799569 0 -0.6005743 -0.799569 0 -0.5077081 -0.8615292 0 -0.5077081 -0.8615291 0 -0.4125675 -0.910927 0 -0.4125675 -0.910927 0 -0.319048 -0.9477386 0 -0.319048 -0.9477386 0 -0.2306275 -0.9730421 0 -0.2306275 -0.9730421 0 -0.1501916 -0.9886569 0 -0.1501916 -0.9886569 0 -0.08019196 -0.9967795 0 -0.08019196 -0.9967795 0 -0.01887446 -0.9998219 0 -0.01887446 -0.9998219 0 0.03454226 -0.9994032 0 0.03454226 -0.9994032 0 0.08466792 -0.9964092 0 0.08466792 -0.9964092 0 0.1240143 -0.9922804 0 0.1240143 -0.9922804 0 0.1847613 -0.9827834 0 0.1847613 -0.9827834 0 0.2751592 -0.9613987 0 0.2751592 -0.9613987 0 0.377596 -0.9259705 0 0.377596 -0.9259705 0 0.4887199 -0.8724408 0 0.4887199 -0.8724408 0 0.6007766 -0.799417 0 0.6007766 -0.799417 0 0.7116202 -0.7025643 0 0.7116202 -0.7025643 0 0.8118371 -0.583884 0 0.8118371 -0.583884 0 0.8941741 -0.4477193 0 0.8941741 -0.4477193 0 1 0 0 1 0 0 0.7744575 0.6326261 0 0.7744575 0.6326261 0 1 0 0 1 0 0 0.7704823 -0.6374614 0 0.7704823 -0.6374614 0 0.9533482 -0.3018727 0 0.9533482 -0.3018727 0 1 0 0 1 0 0 0.6374582 0.770485 0 0.6374582 0.770485 0 1 0 0 1 0 0 0.6326153 -0.7744662 0 0.6326153 -0.7744662 0 0.9999918 -0.004066526 0 0.9999918 -0.004066526 0 0.9592913 0.2824183 0 0.9592913 0.2824183 0 0.9252026 0.3794736 0 0.9252026 0.3794736 0 0.8759934 0.4823231 0 0.8759934 0.4823231 0 0.8106098 0.5855867 0 0.8106098 0.5855867 0 0.729106 0.6844007 0 0.729106 0.6844007 0 0.6337358 0.7735497 0 0.6337358 0.7735497 0 0.5280577 0.8492085 0 0.5280577 0.8492085 0 0.4165729 0.9091023 0 0.4165729 0.9091023 0 0.3045394 0.9524998 0 0.3045394 0.9524998 0 0.1962265 0.9805586 0 0.1962265 0.9805586 0 0.1013993 0.9948458 0 0.1013993 0.9948458 0 1 0 0 1 0 0 0.6374709 0.7704746 0 0.6374708 0.7704744 0 0.8156816 -0.5785012 0 0.8156816 -0.5785012 0 -0.0906279 -0.9958848 0 -0.0906279 -0.9958848 0 -0.05305439 -0.9985916 0 -0.05305439 -0.9985916 0 -0.08826559 -0.996097 0 -0.08826559 -0.996097 0 -0.1544018 -0.9880082 0 -0.1544018 -0.9880082 0 -0.2481624 -0.9687184 0 -0.2481624 -0.9687184 0 -0.3555912 -0.9346416 0 -0.3555912 -0.9346416 0 -0.4677003 -0.8838872 0 -0.4677003 -0.8838872 0 -0.5798944 -0.8146917 0 -0.5798944 -0.8146917 0 -0.6854856 -0.7280863 0 -0.6854856 -0.7280863 0 -0.7824786 -0.6226775 0 -0.7824786 -0.6226775 0 -0.8665031 -0.4991716 0 -0.8665031 -0.4991716 0 -0.9166572 -0.3996743 0 -0.9166572 -0.3996743 0 -0.550495 -0.8348385 0 -0.550495 -0.8348385 0 -0.4150745 -0.9097874 0 -0.4150745 -0.9097874 0 -0.2733718 -0.9619085 0 -0.2733718 -0.9619085 0 -0.1219768 -0.992533 0 -0.1219768 -0.992533 0 0.03405451 -0.99942 0 0.03405451 -0.99942 0 0.1902598 -0.9817337 0 0.1902598 -0.9817337 0 0.3292177 -0.9442541 0 0.3292177 -0.9442541 0 0.4631013 -0.8863053 0 0.4631013 -0.8863053 0 0.5974123 -0.8019343 0 0.5974123 -0.8019343 0 0.7118312 -0.7023506 0 0.7118312 -0.7023506 0 0.8060588 -0.5918354 0 0.8060588 -0.5918354 0 0.8870716 -0.4616318 0 0.8870716 -0.4616318 0 0.9498429 -0.3127275 0 0.9498429 -0.3127275 0 0.9875172 -0.1575111 0 0.9875172 -0.1575111 0 0.9992808 -0.03791904 0 0.9992808 -0.03791904 0 0.9968685 0.07907795 0 0.9968685 0.07907795 0 0.9743859 0.2248824 0 0.9743859 0.2248824 0 0.9253929 0.3790091 0 0.9253929 0.3790091 0 0.8632491 0.5047782 0 0.8632491 0.5047782 0 0.8026021 0.5965147 0 0.8026021 0.5965147 0 0.727059 0.6865751 0 0.7270589 0.686575 0 0.6398848 0.7684709 0 0.6398848 0.7684709 0 0.5422255 0.840233 0 0.5422255 0.840233 0 0.4500844 0.892986 0 0.4500845 0.8929861 0 0.3676002 0.9299839 0 0.3676002 0.9299839 0 0.2967451 0.9549567 0 0.2967451 0.9549567 0 0.2537043 0.9672818 0 0.2537043 0.9672818 0 0.3144258 0.949282 0 0.3144258 0.9492821 0 0.4027232 0.9153218 0 0.4027232 0.9153218 0 0.5009267 0.8654897 0 0.5009267 0.8654897 0 0.6107828 0.7917981 0 0.6107828 0.7917981 0 0.7201896 0.6937772 0 0.7201896 0.6937772 0 0.8220048 0.5694806 0 0.8220048 0.5694806 0 0.9037209 0.4281222 0 0.9037209 0.4281222 0 0.9603999 0.2786253 0 0.9603999 0.2786253 0 0.9930181 0.1179624 0 0.9930181 0.1179624 0 0.9990715 -0.04308146 0 0.9990715 -0.04308146 0 0.9805639 -0.1961998 0 0.9805639 -0.1961998 0 0.9377605 -0.3472827 0 0.9377605 -0.3472827 0 0.8687955 -0.495171 0 0.8687955 -0.495171 0 0.7838593 -0.6209385 0 0.7838593 -0.6209385 0 0.6806609 -0.7325987 0 0.6806609 -0.7325987 0 0.5584157 -0.8295613 0 0.5584157 -0.8295613 0 0.4756702 -0.8796237 0 0.4756702 -0.8796237 0 0.4536247 -0.8911929 0 0.4536247 -0.8911929 0 0.3180424 -0.9480766 0 0.3180424 -0.9480766 0 0.999697 0.02461433 0 0.999697 0.02461433 0 0.9836823 0.1799145 0 0.9836823 0.1799145 0 0.9442534 0.3292196 0 0.9442534 0.3292196 0 0.9060735 0.4231204 0 0.9060735 0.4231204 0 0 1 0 0 1 0 -0.2320161 0.9727119 0 -0.2320161 0.9727119 0 -0.277181 0.9608177 0 -0.277181 0.9608177 0 -0.3220762 0.9467138 0 -0.3220762 0.9467138 0 -0.3663702 0.9304692 0 -0.3663702 0.9304692 0 -0.4098169 0.9121679 0 -0.4098169 0.9121679 0 -0.4521825 0.8919254 0 -0.4521825 0.8919255 0 -0.492242 0.8704584 0 -0.492242 0.8704584 0 -0.5148185 0.8572992 0 -0.5148185 0.8572992 0 0.378098 0.9257656 0 0.378098 0.9257656 0 0.2199664 0.9755074 0 0.2199664 0.9755074 0 0.04981106 0.9987587 0 0.04981106 0.9987587 0 -0.1110724 0.9938123 0 -0.1110724 0.9938123 0 -0.2639324 0.9645411 0 -0.2639324 0.9645411 0 -0.4100862 0.9120468 0 -0.4100862 0.9120468 0 -0.5438086 0.8392093 0 -0.5438086 0.8392093 0 -0.6680327 0.7441319 0 -0.6680327 0.7441319 0 -0.776149 0.6305496 0 -0.776149 0.6305496 0 -0.8644841 0.5026601 0 -0.8644841 0.5026601 0 -0.9346976 0.3554438 0 -0.9346976 0.3554438 0 -0.9808655 0.1946864 0 -0.9808655 0.1946864 0 -0.9993621 0.03571224 0 -0.9993621 0.03571224 0 -0.9927531 -0.120172 0 -0.9927531 -0.120172 0 -0.961991 -0.2730809 0 -0.961991 -0.2730809 0 -0.9060455 -0.4231804 0 -0.9060455 -0.4231804 0 -0.8249247 -0.5652426 0 -0.8249247 -0.5652426 0 -0.7198468 -0.6941329 0 -0.7198468 -0.6941329 0 -0.59761 -0.8017869 0 -0.59761 -0.8017869 0 -0.4573302 -0.889297 0 -0.4573302 -0.889297 0 -0.2963022 -0.9550942 0 -0.2963022 -0.9550942 0 -0.1260785 -0.9920203 0 -0.1260785 -0.9920203 0 -1 0 0 -1 0 0 -0.8156822 0.5785002 0 -0.8156822 0.5785002 0 -0.7747495 0.6322683 0 -0.7747495 0.6322683 0 -0.8683406 0.4959685 0 -0.8683406 0.4959685 0 -0.9399069 0.3414307 0 -0.9399069 0.3414307 0 -0.983042 0.1833804 0 -0.983042 0.1833804 0 -0.9997454 0.02256286 0 -0.9997454 0.02256286 0 -0.9909558 -0.1341884 0 -0.9909558 -0.1341884 0 -0.9593898 -0.282084 0 -0.9593898 -0.282084 0 -0.903246 -0.4291231 0 -0.903246 -0.4291231 0 -0.8239614 -0.5666459 0 -0.8239614 -0.5666459 0 -0.7240881 -0.6897076 0 -0.7240881 -0.6897076 0 -0.5994708 -0.8003966 0 -0.5994708 -0.8003966 0 -0.4646813 -0.885478 0 -0.4646813 -0.885478 0 -0.3791723 -0.9253261 0 -0.3791723 -0.9253261 0 -0.289265 -0.9572491 0 -0.289265 -0.9572491 0 -0.1401225 -0.9901342 0 -0.1401225 -0.9901342 0 -8.25063e-5 -1 0 -8.25063e-5 -1 0 0.02842664 -0.9995959 0 0.02842664 -0.9995959 0 -0.09272009 -0.9956922 0 -0.09272009 -0.9956922 0 -0.1893295 -0.9819137 0 -0.1893295 -0.9819137 0 0 -1 0 0 -1 0 -1 0 0 -1 0 0 0 1 0 0 1 0 -0.8156802 0.578503 0 -0.8156802 0.578503 0 -0.2199428 0.9755128 0 -0.2199428 0.9755128 0 -0.3217947 0.9468095 0 -0.3217947 0.9468095 0 -0.4234577 0.9059159 0 -0.4234577 0.9059159 0 -0.5218197 0.8530558 0 -0.5218197 0.8530558 0 -0.613829 0.789439 0 -0.613829 0.789439 0 -0.6969948 0.7170763 0 -0.6969947 0.7170763 0 -0.7696241 0.6384973 0 -0.7696242 0.6384973 0 -0.8309456 0.5563538 0 -0.8309456 0.5563537 0 -0.879454 0.4759837 0 -0.879454 0.4759838 0 -0.9181504 0.396232 0 -0.9181504 0.396232 0 -0.9488224 0.3158104 0 -0.9488224 0.3158105 0 -0.9711281 0.2385585 0 -0.9711281 0.2385585 0 -0.986337 0.16474 0 -0.986337 0.16474 0 -0.9955474 0.09426254 0 -0.9955474 0.09426254 0 -0.9996443 0.02667182 0 -0.9996443 0.02667182 0 -0.9992801 -0.03793752 0 -0.9992801 -0.03793758 0 -0.9957252 -0.09236574 0 -0.9957252 -0.09236574 0 -0.9907147 -0.135957 0 -0.9907147 -0.135957 0 -0.98789 -0.1551559 0 -0.98789 -0.1551559 0 -0.9908906 -0.1346687 0 -0.9908907 -0.1346687 0 -0.9959401 -0.09001833 0 -0.9959401 -0.09001833 0 -0.9991716 -0.04069763 0 -0.9991716 -0.04069763 0 -0.9999583 0.00912398 0 -0.9999583 0.00912398 0 -0.9989522 0.04576569 0 -0.9989522 0.04576569 0 -0.4503418 0.8928562 0 -0.4503418 0.8928563 0 -0.9865694 0.1633426 0 -0.9865694 0.1633426 0 -1 0 0 -1 0 0 -0.3194103 -0.9476165 0 -0.3194103 -0.9476165 0 -0.1886247 -0.9820492 0 -0.1886247 -0.9820492 0 -0.04947555 -0.9987754 0 -0.04947555 -0.9987754 0 0.09002542 -0.9959396 0 0.09002542 -0.9959396 0 0.2207504 -0.9753304 0 0.2207504 -0.9753304 0 0.2876074 -0.9577484 0 0.2876074 -0.9577484 0 -0.856587 -0.5160027 0 -0.856587 -0.5160027 0 -1 0 0 -1 0 0 -0.03339582 0.9994423 0 -0.03339582 0.9994423 0 -0.1687854 0.9856529 0 -0.1687853 0.9856529 0 -0.2915949 0.9565419 0 -0.2915949 0.9565419 0 -0.4035094 0.9149755 0 -0.4035094 0.9149755 0 -0.5046557 0.8633207 0 -0.5046557 0.8633207 0 -0.5928875 0.8052853 0 -0.5928875 0.8052853 0 -0.6722059 0.7403643 0 -0.6722059 0.7403643 0 -0.74704 0.664779 0 -0.74704 0.664779 0 -0.8171221 0.5764646 0 -0.8171221 0.5764646 0 -0.8804773 0.4740883 0 -0.8804773 0.4740883 0 -0.9355508 0.3531922 0 -0.9355508 0.3531923 0 -0.9791547 0.2031161 0 -0.9791547 0.2031161 0 -0.9993072 0.03721845 0 -0.9993072 0.03721845 0 -0.9987544 -0.04989594 0 -0.9987544 -0.04989594 0 -0.9996235 0.02743571 0 -0.9996235 0.02743571 0 -1 0 0 -1 0 0 0 -1 0 0 -1 0 -0.7071048 -0.7071087 0 -0.7071048 -0.7071087 0 0.9999493 0.01007044 0 0.9999493 0.01007044 0 0.9992241 0.03938549 0 0.9992241 0.03938549 0 0.9973693 0.07248669 0 0.9973693 0.07248669 0 0.9937993 0.1111897 0 0.9937993 0.1111897 0 0.9896791 0.143301 0 0.9896791 0.143301 0 0.9917826 0.1279349 0 0.9917826 0.1279349 0 0.9964705 0.08394402 0 0.9964705 0.08394402 0 0.9997162 0.02382081 0 0.9997162 0.02382081 0 0.9988826 -0.04726123 0 0.9988826 -0.04726123 0 0.9924327 -0.1227899 0 0.9924328 -0.1227899 0 0.9792492 -0.2026599 0 0.9792492 -0.2026599 0 0.9586754 -0.2845022 0 0.9586755 -0.2845022 0 0.9291162 -0.3697879 0 0.9291162 -0.3697879 0 0.8878985 -0.4600394 0 0.8878985 -0.4600394 0 0.8345475 -0.550936 0 0.8345475 -0.550936 0 0.7684901 -0.6398617 0 0.7684901 -0.6398617 0 0.6900409 -0.7237704 0 0.6900409 -0.7237704 0 0.6006389 -0.7995206 0 0.6006389 -0.7995206 0 0.5027856 -0.8644112 0 0.5027857 -0.8644112 0 0.3995125 -0.9167277 0 0.3995125 -0.9167277 0 0 1 0 0 1 0 -0.9999254 -0.01221746 0 -0.9999254 -0.01221746 0</float_array>
          <technique_common>
            <accessor source="#灭火器-mesh-normals-array" count="956" stride="3">
              <param name="X" type="float"/>
              <param name="Y" type="float"/>
              <param name="Z" type="float"/>
            </accessor>
          </technique_common>
        </source>
        <source id="灭火器-mesh-map-0">
          <float_array id="灭火器-mesh-map-0-array" count="5736">0.5115502 0.7972959 0.4661929 0.7606696 0.4713556 0.7555069 0.529115 0.8602058 0.5002733 0.8335036 0.5002733 0.8219592 0.4661929 0.7606696 0.5115502 0.7972959 0.4553282 0.7559348 0.5115502 0.8093652 0.5816431 0.8853064 0.5551306 0.873395 0.4030964 0.7586998 0.3954036 0.749427 0.4215054 0.7273446 0.5725101 0.7733154 0.5849111 0.8285475 0.5652145 0.7630288 0.5652145 0.7630288 0.5849111 0.8285475 0.5115502 0.7555069 0.5652145 0.7630288 0.5115502 0.7555069 0.5115502 0.7384709 0.4234704 0.4086726 0.6541102 0.2667829 0.659823 0.2736877 0.5068241 0.8093914 0.5002733 0.8219592 0.5055588 0.8095092 0.5055588 0.8095092 0.5002733 0.8219592 0.4959357 0.8158432 0.5055588 0.8095092 0.4959357 0.8158432 0.5026689 0.809427 0.4101753 0.2688018 0.4196739 0.2709517 0.3705031 0.3863802 0.3734547 0.4042073 0.3705031 0.3863802 0.3823078 0.4086726 0.3823078 0.4086726 0.3705031 0.3863802 0.4123895 0.4086726 0.5889505 0.8179781 0.5872147 0.8204836 0.5725101 0.7733154 0.6541102 0.2667829 0.4234704 0.4086726 0.6541102 0.2514815 0.6541102 0.2514815 0.4234704 0.4086726 0.659823 0.1691378 0.6541102 0.2514815 0.659823 0.1691378 0.659823 0.244488 0.6619036 0.2802585 0.6619036 0.3103758 0.6541102 0.3168236 0.659823 0.2736877 0.6619036 0.2802585 0.4234704 0.4086726 0.4234704 0.4086726 0.6619036 0.2802585 0.6541102 0.3168236 0.4234704 0.4086726 0.6541102 0.3168236 0.4207624 0.6303178 0.4207624 0.6303178 0.6541102 0.3168236 0.6541102 0.6271348 0.4207624 0.6303178 0.6541102 0.6271348 0.421054 0.6409441 0.498076 0.8440729 0.4975643 0.8439329 0.5002733 0.8335036 0.5002733 0.8335036 0.4975643 0.8439329 0.497054 0.8437035 0.5002733 0.8335036 0.497054 0.8437035 0.4965426 0.8433721 0.5551306 0.873395 0.529115 0.8602058 0.5115502 0.8093652 0.5115502 0.8093652 0.529115 0.8602058 0.5002733 0.8219592 0.5115502 0.8093652 0.5002733 0.8219592 0.50696 0.8093652 0.50696 0.8093652 0.5002733 0.8219592 0.5068241 0.8093914 0.5879851 0.8371587 0.5901186 0.839141 0.5816431 0.8853064 0.5680659 0.7384709 0.6541102 0.6271348 0.5793506 0.7373206 0.5793506 0.7373206 0.6541102 0.6271348 0.658007 0.6303178 0.5872147 0.8204836 0.5860575 0.8229264 0.5725101 0.7733154 0.5725101 0.7733154 0.5860575 0.8229264 0.5852471 0.8257199 0.5725101 0.7733154 0.5852471 0.8257199 0.5849111 0.8285475 0.494629 0.8392032 0.4947326 0.838347 0.5002733 0.8335036 0.5002733 0.8335036 0.4947326 0.838347 0.4949851 0.8374578 0.3705031 0.3863802 0.3705031 0.2736877 0.3804948 0.2703199 0.3705031 0.3863802 0.4196739 0.2709517 0.4123895 0.4086726 0.4123895 0.4086726 0.4196739 0.2709517 0.4207624 0.2712785 0.4123895 0.4086726 0.4207624 0.2712785 0.4234704 0.4086726 0.4234704 0.4086726 0.4207624 0.2712785 0.659823 0.1691378 0.659823 0.1691378 0.4207624 0.2712785 0.4234704 0.2667829 0.659823 0.1691378 0.4234704 0.2667829 0.6569611 0.1634222 0.4234704 0.2514815 0.5808625 0.1314719 0.598887 0.1337245 0.4215054 0.7273446 0.4286753 0.7359558 0.4661929 0.7921308 0.4661929 0.7921308 0.4286753 0.7359558 0.4366724 0.7435802 0.4661929 0.7921308 0.4366724 0.7435802 0.4455366 0.7502394 0.4632739 0.7223133 0.452901 0.7146763 0.6541102 0.6271348 0.6541102 0.6271348 0.452901 0.7146763 0.4437345 0.7063537 0.6541102 0.6271348 0.4437345 0.7063537 0.435745 0.6973755 0.529115 0.8602058 0.5048326 0.8464742 0.5002733 0.8335036 0.5002733 0.8335036 0.5048326 0.8464742 0.5002733 0.8437362 0.5002733 0.8335036 0.5002733 0.8437362 0.4997057 0.8439681 0.4713556 0.7555069 0.5115502 0.7555069 0.5115502 0.7972959 0.5115502 0.7972959 0.5115502 0.7555069 0.5849111 0.8285475 0.5115502 0.7972959 0.5849111 0.8285475 0.5115502 0.8093652 0.5115502 0.8093652 0.5849111 0.8285475 0.5850072 0.8307756 0.5093849 0.1288795 0.5307862 0.1284755 0.4234704 0.2514815 0.4234704 0.2514815 0.5307862 0.1284755 0.5557572 0.1293386 0.4234704 0.2514815 0.5557572 0.1293386 0.5808625 0.1314719 0.4698561 0.7972959 0.4661929 0.7921308 0.5115502 0.7972959 0.5115502 0.7972959 0.4661929 0.7921308 0.4455366 0.7502394 0.5115502 0.7972959 0.4455366 0.7502394 0.4553282 0.7559348 0.4215054 0.7273446 0.3954036 0.749427 0.4151452 0.7177103 0.4952659 0.7367045 0.4856224 0.7337647 0.6541102 0.6271348 0.6541102 0.6271348 0.4856224 0.7337647 0.4743896 0.728811 0.6541102 0.6271348 0.4743896 0.728811 0.4632739 0.7223133 0.4997057 0.8439681 0.4991163 0.844101 0.5002733 0.8335036 0.5002733 0.8335036 0.4991163 0.844101 0.4985705 0.8441282 0.5002733 0.8335036 0.4985705 0.8441282 0.498076 0.8440729 0.4965426 0.8433721 0.4960017 0.8428865 0.5002733 0.8335036 0.5002733 0.8335036 0.4960017 0.8428865 0.4955266 0.8423017 0.5002733 0.8335036 0.4955266 0.8423017 0.4951151 0.841594 0.4950543 0.8135102 0.4951238 0.8129968 0.4976805 0.809971 0.4976805 0.809971 0.4951238 0.8129968 0.4952839 0.8124524 0.5850072 0.8307756 0.585373 0.8326034 0.5115502 0.8093652 0.5115502 0.8093652 0.585373 0.8326034 0.5859422 0.8341406 0.5115502 0.8093652 0.5859422 0.8341406 0.5816431 0.8853064 0.5816431 0.8853064 0.5859422 0.8341406 0.5868347 0.8357064 0.5816431 0.8853064 0.5868347 0.8357064 0.5879851 0.8371587 0.3804948 0.2703199 0.3904815 0.2684017 0.3705031 0.3863802 0.3705031 0.3863802 0.3904815 0.2684017 0.400344 0.2679132 0.3705031 0.3863802 0.400344 0.2679132 0.4101753 0.2688018 0.7170079 0.7397622 0.6979579 0.7337844 0.702773 0.7254258 0.7183279 0.7279111 0.718425 0.7304701 0.702773 0.7254258 0.702773 0.7254258 0.718425 0.7304701 0.718044 0.7352731 0.702773 0.7254258 0.718044 0.7352731 0.7170079 0.7397622 0.4951151 0.841594 0.4948146 0.8408038 0.5002733 0.8335036 0.5002733 0.8335036 0.4948146 0.8408038 0.494658 0.8400147 0.5002733 0.8335036 0.494658 0.8400147 0.494629 0.8392032 0.4949851 0.8374578 0.4954143 0.8365388 0.5002733 0.8335036 0.5002733 0.8335036 0.4954143 0.8365388 0.4959972 0.8356881 0.5002733 0.8335036 0.4959972 0.8356881 0.4967243 0.8349341 0.4967243 0.8349341 0.4974756 0.8343741 0.5002733 0.8335036 0.5002733 0.8335036 0.4974756 0.8343741 0.4983656 0.8339164 0.5002733 0.8335036 0.4983656 0.8339164 0.4992954 0.8336279 0.4978883 0.8098859 0.4987367 0.8096296 0.4959357 0.8158432 0.4959357 0.8158432 0.4987367 0.8096296 0.5001662 0.8094273 0.4959357 0.8158432 0.5001662 0.8094273 0.5026689 0.809427 0.5901186 0.839141 0.594267 0.8419334 0.5816431 0.8853064 0.5816431 0.8853064 0.594267 0.8419334 0.6076463 0.8491685 0.5816431 0.8853064 0.6076463 0.8491685 0.6086823 0.8959531 0.6086823 0.8959531 0.6076463 0.8491685 0.6452377 0.8683028 0.6086823 0.8959531 0.6452377 0.8683028 0.63628 0.905342 0.63628 0.905342 0.6452377 0.8683028 0.6644702 0.9134745 0.598887 0.1337245 0.6134475 0.1364619 0.4234704 0.2514815 0.4234704 0.2514815 0.6134475 0.1364619 0.6241003 0.1395108 0.4234704 0.2514815 0.6241003 0.1395108 0.6332362 0.1432363 0.5680659 0.7606696 0.5652145 0.7630288 0.5680659 0.7384709 0.5680659 0.7384709 0.5652145 0.7630288 0.5115502 0.7384709 0.5680659 0.7384709 0.5115502 0.7384709 0.6541102 0.6271348 0.6541102 0.6271348 0.5115502 0.7384709 0.5041337 0.738223 0.6541102 0.6271348 0.5041337 0.738223 0.4952659 0.7367045 0.435745 0.6973755 0.4297002 0.6888073 0.6541102 0.6271348 0.6541102 0.6271348 0.4297002 0.6888073 0.4252266 0.6804989 0.6541102 0.6271348 0.4252266 0.6804989 0.4222655 0.6726555 0.4953215 0.8149498 0.4951532 0.8144864 0.4976805 0.809971 0.4976805 0.809971 0.4951532 0.8144864 0.4950657 0.8140174 0.4976805 0.809971 0.4950657 0.8140174 0.4950543 0.8135102 0.4952839 0.8124524 0.4955779 0.8118334 0.4976805 0.809971 0.4976805 0.809971 0.4955779 0.8118334 0.4959702 0.8112631 0.4976805 0.809971 0.4959702 0.8112631 0.4970529 0.8103005 0.4970529 0.8103005 0.4959702 0.8112631 0.4964745 0.8107336 0.7137111 0.891273 0.713492 0.9001722 0.6452377 0.8683028 0.6452377 0.8683028 0.713492 0.9001722 0.7119072 0.9088373 0.6452377 0.8683028 0.7119072 0.9088373 0.7089728 0.9172536 0.7089728 0.9172536 0.7075381 0.9203258 0.6452377 0.8683028 0.6452377 0.8683028 0.7075381 0.9203258 0.693194 0.9203258 0.6452377 0.8683028 0.693194 0.9203258 0.6644702 0.9134745 0.4669062 0.1352925 0.4796226 0.1322785 0.4234704 0.2514815 0.4234704 0.2514815 0.4796226 0.1322785 0.4936791 0.1301431 0.4234704 0.2514815 0.4936791 0.1301431 0.5093849 0.1288795 0.6332362 0.1432363 0.6411424 0.147665 0.4234704 0.2514815 0.4234704 0.2514815 0.6411424 0.147665 0.6477572 0.1526363 0.4234704 0.2514815 0.6477572 0.1526363 0.4234704 0.2667829 0.4234704 0.2667829 0.6477572 0.1526363 0.6530848 0.1580325 0.4234704 0.2667829 0.6530848 0.1580325 0.6569611 0.1634222 0.4222655 0.6726555 0.4205517 0.6643937 0.6541102 0.6271348 0.6541102 0.6271348 0.4205517 0.6643937 0.4202659 0.656719 0.6541102 0.6271348 0.4202659 0.656719 0.421054 0.6409441 0.4661929 0.7921308 0.4533652 0.7892386 0.4215054 0.7273446 0.4215054 0.7273446 0.4533652 0.7892386 0.4415706 0.78523 0.4215054 0.7273446 0.4415706 0.78523 0.4307129 0.7801547 0.658007 0.6303178 0.6581305 0.660726 0.5793506 0.7373206 0.5793506 0.7373206 0.6581305 0.660726 0.6540697 0.6745194 0.5793506 0.7373206 0.6540697 0.6745194 0.5912612 0.7349371 0.5912612 0.7349371 0.6540697 0.6745194 0.6489944 0.6868937 0.5912612 0.7349371 0.6489944 0.6868937 0.602078 0.7314787 0.602078 0.7314787 0.6489944 0.6868937 0.6430948 0.6976085 0.602078 0.7314787 0.6430948 0.6976085 0.6119209 0.7269684 0.6119209 0.7269684 0.6430948 0.6976085 0.6364278 0.7068375 0.6119209 0.7269684 0.6364278 0.7068375 0.6208889 0.7213919 0.6208889 0.7213919 0.6364278 0.7068375 0.6290148 0.7147347 0.4978883 0.8098859 0.4959357 0.8158432 0.4976805 0.809971 0.4976805 0.809971 0.4959357 0.8158432 0.4955896 0.815419 0.4976805 0.809971 0.4955896 0.815419 0.4953215 0.8149498 0.4307129 0.7801547 0.4207183 0.7740409 0.4215054 0.7273446 0.4215054 0.7273446 0.4207183 0.7740409 0.4115269 0.7668941 0.4215054 0.7273446 0.4115269 0.7668941 0.4030964 0.7586998 0.702773 0.7254258 0.7044782 0.7215153 0.7073311 0.7196341 0.702773 0.7254258 0.7157448 0.7201794 0.7163631 0.7210215 0.4349172 0.1497667 0.4446943 0.1440049 0.4234704 0.2514815 0.4234704 0.2514815 0.4446943 0.1440049 0.4553166 0.139194 0.4234704 0.2514815 0.4553166 0.139194 0.4669062 0.1352925 0.59947 0.8101925 0.5945163 0.8130596 0.5725101 0.7733154 0.5725101 0.7733154 0.5945163 0.8130596 0.5912944 0.815545 0.5725101 0.7733154 0.5912944 0.815545 0.5889505 0.8179781 0.7170079 0.7397622 0.7152329 0.7440962 0.6979579 0.7337844 0.6979579 0.7337844 0.7152329 0.7440962 0.7109159 0.7514788 0.6979579 0.7337844 0.7109159 0.7514788 0.6917207 0.7416223 0.6917207 0.7416223 0.7109159 0.7514788 0.7040473 0.7607204 0.6917207 0.7416223 0.7040473 0.7607204 0.6841336 0.7487655 0.6841336 0.7487655 0.7040473 0.7607204 0.696021 0.7692201 0.6841336 0.7487655 0.696021 0.7692201 0.6753679 0.7550048 0.6753679 0.7550048 0.696021 0.7692201 0.6870825 0.7766629 0.6753679 0.7550048 0.6870825 0.7766629 0.6655395 0.7602055 0.6655395 0.7602055 0.6870825 0.7766629 0.6776332 0.7827608 0.6655395 0.7602055 0.6776332 0.7827608 0.6558045 0.7639092 0.7073311 0.7196341 0.7091107 0.7188221 0.702773 0.7254258 0.702773 0.7254258 0.7091107 0.7188221 0.7104524 0.7184408 0.702773 0.7254258 0.7104524 0.7184408 0.7115172 0.7183099 0.7115172 0.7183099 0.7124063 0.7183403 0.702773 0.7254258 0.702773 0.7254258 0.7124063 0.7183403 0.7131842 0.718491 0.702773 0.7254258 0.7131842 0.718491 0.7137715 0.7186958 0.7137715 0.7186958 0.7144674 0.7190594 0.702773 0.7254258 0.702773 0.7254258 0.7144674 0.7190594 0.7151176 0.7195437 0.702773 0.7254258 0.7151176 0.7195437 0.7157448 0.7201794 0.7163631 0.7210215 0.7170876 0.7224138 0.702773 0.7254258 0.702773 0.7254258 0.7170876 0.7224138 0.7177925 0.7245547 0.702773 0.7254258 0.7177925 0.7245547 0.7183279 0.7279111 0.4174336 0.245777 0.4174336 0.164565 0.4234704 0.2514815 0.4234704 0.2514815 0.4174336 0.164565 0.4258965 0.1565423 0.4234704 0.2514815 0.4258965 0.1565423 0.4349172 0.1497667 0.6425382 0.7966093 0.6434576 0.7670722 0.6558818 0.7924629 0.6558818 0.7924629 0.6434576 0.7670722 0.6558045 0.7639092 0.6558818 0.7924629 0.6558045 0.7639092 0.6674784 0.787879 0.6674784 0.787879 0.6558045 0.7639092 0.6776332 0.7827608 0.59947 0.8101925 0.5725101 0.7733154 0.6081882 0.8063567 0.6081882 0.8063567 0.5725101 0.7733154 0.5887997 0.7718331 0.6081882 0.8063567 0.5887997 0.7718331 0.6188911 0.8028116 0.6188911 0.8028116 0.5887997 0.7718331 0.6161286 0.770381 0.6188911 0.8028116 0.6161286 0.770381 0.6425382 0.7966093 0.6425382 0.7966093 0.6161286 0.770381 0.6303456 0.7691213 0.6425382 0.7966093 0.6303456 0.7691213 0.6434576 0.7670722 0.3954036 0.749427 0.3884451 0.7390343 0.4151452 0.7177103 0.4151452 0.7177103 0.3884451 0.7390343 0.3826445 0.7283167 0.4151452 0.7177103 0.3826445 0.7283167 0.4096004 0.7070087 0.4096004 0.7070087 0.3826445 0.7283167 0.3771609 0.71561 0.4096004 0.7070087 0.3771609 0.71561 0.4048992 0.6951965 0.4048992 0.6951965 0.3771609 0.71561 0.3725299 0.7016967 0.4048992 0.6951965 0.3725299 0.7016967 0.4012752 0.6829847 0.4012752 0.6829847 0.3725299 0.7016967 0.3688095 0.6865515 0.4012752 0.6829847 0.3688095 0.6865515 0.3983641 0.6689187 0.3983641 0.6689187 0.3688095 0.6865515 0.3660818 0.67022 0.3983641 0.6689187 0.3660818 0.67022 0.3964896 0.6537676 0.3964896 0.6537676 0.3660818 0.67022 0.3644336 0.6528132 0.3964896 0.6537676 0.3644336 0.6528132 0.395725 0.6376075 0.395725 0.6376075 0.3644336 0.6528132 0.3639458 0.6345301 0.395725 0.6376075 0.3639458 0.6345301 0.3961299 0.6206123 0.3961299 0.6206123 0.3639458 0.6345301 0.3647244 0.6140221 0.3961299 0.6206123 0.3647244 0.6140221 0.3976449 0.6026281 0.3976449 0.6026281 0.3647244 0.6140221 0.3666354 0.5934206 0.3976449 0.6026281 0.3666354 0.5934206 0.4004519 0.5808678 0.4004519 0.5808678 0.3666354 0.5934206 0.3706726 0.5640016 0.4004519 0.5808678 0.3706726 0.5640016 0.405083 0.5488839 0.405083 0.5488839 0.3706726 0.5640016 0.3761664 0.5290225 0.405083 0.5488839 0.3761664 0.5290225 0.4083633 0.519565 0.4083633 0.519565 0.3761664 0.5290225 0.3798201 0.502138 0.4083633 0.519565 0.3798201 0.502138 0.4105926 0.4888921 0.4105926 0.4888921 0.3798201 0.502138 0.3821052 0.4768572 0.4105926 0.4888921 0.3821052 0.4768572 0.4119212 0.4551863 0.4119212 0.4551863 0.3821052 0.4768572 0.3831997 0.4499843 0.4119212 0.4551863 0.3831997 0.4499843 0.4123895 0.4086726 0.4123895 0.4086726 0.3831997 0.4499843 0.3829509 0.4227079 0.4123895 0.4086726 0.3829509 0.4227079 0.3823078 0.4086726 0.4661929 0.7921308 0.4698561 0.7972959 0.4661929 0.7606696 0.4123895 0.4086726 0.3705031 0.3863802 0.3734547 0.4042073 0.4661929 0.7606696 0.4698561 0.7972959 0.4713556 0.7555069 0.4713556 0.7555069 0.4698561 0.7972959 0.5115502 0.7972959 0.4713556 0.7555069 0.5115502 0.7972959 0.5115502 0.7555069 0.6134475 0.1364619 0.598887 0.1337245 0.4234704 0.2514815 0.6541102 0.3168236 0.6619036 0.3103758 0.6619036 0.2802585 0.5115502 0.7384709 0.5115502 0.7555069 0.5652145 0.7630288 0.5680659 0.7384709 0.5793506 0.7373206 0.6541102 0.6271348 0.4661929 0.7921308 0.4661929 0.7606696 0.4533652 0.7892386 0.4533652 0.7892386 0.4661929 0.7606696 0.4553282 0.7559348 0.4533652 0.7892386 0.4553282 0.7559348 0.4415706 0.78523 0.598887 0.1337245 0.5808625 0.1314719 0.4234704 0.2514815 0.4234704 0.2514815 0.5808625 0.1314719 0.5557572 0.1293386 0.4234704 0.2514815 0.5557572 0.1293386 0.5307862 0.1284755 0.659823 0.1691378 0.4234704 0.2667829 0.4234704 0.4086726 0.4234704 0.4086726 0.4234704 0.2667829 0.4207624 0.2712785 0.4234704 0.4086726 0.4207624 0.2712785 0.4123895 0.4086726 0.4123895 0.4086726 0.4207624 0.2712785 0.4196739 0.2709517 0.4123895 0.4086726 0.4196739 0.2709517 0.3705031 0.3863802 0.3705031 0.3863802 0.4196739 0.2709517 0.4101753 0.2688018 0.3705031 0.3863802 0.4101753 0.2688018 0.400344 0.2679132 0.6619036 0.2802585 0.4234704 0.4086726 0.6541102 0.3168236 0.6541102 0.3168236 0.4234704 0.4086726 0.4207624 0.6303178 0.6541102 0.3168236 0.4207624 0.6303178 0.6541102 0.6271348 0.6541102 0.6271348 0.4207624 0.6303178 0.421054 0.6409441 0.6541102 0.6271348 0.421054 0.6409441 0.4202659 0.656719 0.659823 0.244488 0.659823 0.1691378 0.6541102 0.2514815 0.6541102 0.2514815 0.659823 0.1691378 0.4234704 0.4086726 0.6541102 0.2514815 0.4234704 0.4086726 0.6541102 0.2667829 0.6541102 0.2667829 0.4234704 0.4086726 0.6619036 0.2802585 0.6541102 0.2667829 0.6619036 0.2802585 0.659823 0.2736877 0.713492 0.9001722 0.7137111 0.891273 0.6452377 0.8683028 0.4415706 0.78523 0.4553282 0.7559348 0.4307129 0.7801547 0.4307129 0.7801547 0.4553282 0.7559348 0.4455366 0.7502394 0.4307129 0.7801547 0.4455366 0.7502394 0.4207183 0.7740409 0.4207183 0.7740409 0.4455366 0.7502394 0.4366724 0.7435802 0.4207183 0.7740409 0.4366724 0.7435802 0.4115269 0.7668941 0.400344 0.2679132 0.3904815 0.2684017 0.3705031 0.3863802 0.3705031 0.3863802 0.3904815 0.2684017 0.3804948 0.2703199 0.3705031 0.3863802 0.3804948 0.2703199 0.3705031 0.2736877 0.4437345 0.7063537 0.452901 0.7146763 0.6541102 0.6271348 0.6541102 0.6271348 0.452901 0.7146763 0.4632739 0.7223133 0.5849111 0.8285475 0.5852471 0.8257199 0.5725101 0.7733154 0.5725101 0.7733154 0.5852471 0.8257199 0.5860575 0.8229264 0.6411424 0.147665 0.6332362 0.1432363 0.4234704 0.2514815 0.4234704 0.2514815 0.6332362 0.1432363 0.6241003 0.1395108 0.4234704 0.2514815 0.6241003 0.1395108 0.6134475 0.1364619 0.693194 0.9203258 0.7075381 0.9203258 0.7089728 0.9172536 0.5859422 0.8341406 0.5115502 0.8093652 0.5868347 0.8357064 0.5868347 0.8357064 0.5115502 0.8093652 0.5816431 0.8853064 0.5868347 0.8357064 0.5816431 0.8853064 0.5879851 0.8371587 0.5879851 0.8371587 0.5816431 0.8853064 0.5901186 0.839141 0.5859422 0.8341406 0.585373 0.8326034 0.5115502 0.8093652 0.5115502 0.8093652 0.585373 0.8326034 0.5850072 0.8307756 0.5115502 0.8093652 0.5850072 0.8307756 0.5115502 0.7972959 0.5115502 0.7972959 0.5850072 0.8307756 0.5849111 0.8285475 0.5115502 0.7972959 0.5849111 0.8285475 0.5115502 0.7555069 0.5115502 0.7555069 0.5849111 0.8285475 0.5725101 0.7733154 0.5115502 0.7555069 0.5725101 0.7733154 0.5652145 0.7630288 0.5002733 0.8335036 0.5115502 0.8093652 0.5002733 0.8219592 0.5002733 0.8219592 0.5115502 0.8093652 0.50696 0.8093652 0.5002733 0.8437362 0.5048326 0.8464742 0.5002733 0.8335036 0.5002733 0.8335036 0.5048326 0.8464742 0.529115 0.8602058 0.5002733 0.8335036 0.529115 0.8602058 0.5115502 0.8093652 0.5115502 0.8093652 0.529115 0.8602058 0.5551306 0.873395 0.5115502 0.8093652 0.5551306 0.873395 0.5816431 0.8853064 0.659823 0.1691378 0.6569611 0.1634222 0.4234704 0.2667829 0.4234704 0.2667829 0.6569611 0.1634222 0.6530848 0.1580325 0.4234704 0.2667829 0.6530848 0.1580325 0.4234704 0.2514815 0.4234704 0.2514815 0.6530848 0.1580325 0.6477572 0.1526363 0.4234704 0.2514815 0.6477572 0.1526363 0.6411424 0.147665 0.5307862 0.1284755 0.5093849 0.1288795 0.4234704 0.2514815 0.4234704 0.2514815 0.5093849 0.1288795 0.4936791 0.1301431 0.4234704 0.2514815 0.4936791 0.1301431 0.4796226 0.1322785 0.4252266 0.6804989 0.4297002 0.6888073 0.6541102 0.6271348 0.6541102 0.6271348 0.4297002 0.6888073 0.435745 0.6973755 0.6541102 0.6271348 0.435745 0.6973755 0.4437345 0.7063537 0.5860575 0.8229264 0.5872147 0.8204836 0.5725101 0.7733154 0.5725101 0.7733154 0.5872147 0.8204836 0.5889505 0.8179781 0.5725101 0.7733154 0.5889505 0.8179781 0.5912944 0.815545 0.63628 0.905342 0.6644702 0.9134745 0.6452377 0.8683028 0.6452377 0.8683028 0.6644702 0.9134745 0.693194 0.9203258 0.4955266 0.8423017 0.4960017 0.8428865 0.5002733 0.8335036 0.5002733 0.8335036 0.4960017 0.8428865 0.4965426 0.8433721 0.5002733 0.8335036 0.4965426 0.8433721 0.497054 0.8437035 0.497054 0.8437035 0.4975643 0.8439329 0.5002733 0.8335036 0.5002733 0.8335036 0.4975643 0.8439329 0.498076 0.8440729 0.5002733 0.8335036 0.498076 0.8440729 0.4985705 0.8441282 0.4115269 0.7668941 0.4366724 0.7435802 0.4030964 0.7586998 0.4030964 0.7586998 0.4366724 0.7435802 0.4286753 0.7359558 0.4030964 0.7586998 0.4286753 0.7359558 0.3954036 0.749427 0.3954036 0.749427 0.4286753 0.7359558 0.4215054 0.7273446 0.3954036 0.749427 0.4215054 0.7273446 0.3884451 0.7390343 0.3884451 0.7390343 0.4215054 0.7273446 0.4151452 0.7177103 0.3884451 0.7390343 0.4151452 0.7177103 0.3826445 0.7283167 0.3826445 0.7283167 0.4151452 0.7177103 0.4096004 0.7070087 0.3826445 0.7283167 0.4096004 0.7070087 0.3771609 0.71561 0.4632739 0.7223133 0.4743896 0.728811 0.6541102 0.6271348 0.6541102 0.6271348 0.4743896 0.728811 0.4856224 0.7337647 0.6541102 0.6271348 0.4856224 0.7337647 0.4952659 0.7367045 0.693194 0.9203258 0.7089728 0.9172536 0.6452377 0.8683028 0.6452377 0.8683028 0.7089728 0.9172536 0.7119072 0.9088373 0.6452377 0.8683028 0.7119072 0.9088373 0.713492 0.9001722 0.63628 0.905342 0.6452377 0.8683028 0.6086823 0.8959531 0.6086823 0.8959531 0.6452377 0.8683028 0.6076463 0.8491685 0.6086823 0.8959531 0.6076463 0.8491685 0.5816431 0.8853064 0.5816431 0.8853064 0.6076463 0.8491685 0.594267 0.8419334 0.5816431 0.8853064 0.594267 0.8419334 0.5901186 0.839141 0.4952839 0.8124524 0.4951238 0.8129968 0.4976805 0.809971 0.4949851 0.8374578 0.4947326 0.838347 0.5002733 0.8335036 0.5002733 0.8335036 0.4947326 0.838347 0.494629 0.8392032 0.5002733 0.8335036 0.494629 0.8392032 0.494658 0.8400147 0.4952659 0.7367045 0.5041337 0.738223 0.6541102 0.6271348 0.6541102 0.6271348 0.5041337 0.738223 0.5115502 0.7384709 0.6541102 0.6271348 0.5115502 0.7384709 0.5680659 0.7384709 0.5680659 0.7384709 0.5115502 0.7384709 0.5652145 0.7630288 0.5680659 0.7384709 0.5652145 0.7630288 0.5680659 0.7606696 0.718044 0.7352731 0.702773 0.7254258 0.7170079 0.7397622 0.7170079 0.7397622 0.702773 0.7254258 0.6979579 0.7337844 0.50696 0.8093652 0.5068241 0.8093914 0.5002733 0.8219592 0.5002733 0.8219592 0.5068241 0.8093914 0.5055588 0.8095092 0.5002733 0.8219592 0.5055588 0.8095092 0.4959357 0.8158432 0.4959357 0.8158432 0.5055588 0.8095092 0.5026689 0.809427 0.4959357 0.8158432 0.5026689 0.809427 0.5001662 0.8094273 0.4985705 0.8441282 0.4991163 0.844101 0.5002733 0.8335036 0.5002733 0.8335036 0.4991163 0.844101 0.4997057 0.8439681 0.5002733 0.8335036 0.4997057 0.8439681 0.5002733 0.8437362 0.4796226 0.1322785 0.4669062 0.1352925 0.4234704 0.2514815 0.4234704 0.2514815 0.4669062 0.1352925 0.4553166 0.139194 0.4234704 0.2514815 0.4553166 0.139194 0.4446943 0.1440049 0.4202659 0.656719 0.4205517 0.6643937 0.6541102 0.6271348 0.6541102 0.6271348 0.4205517 0.6643937 0.4222655 0.6726555 0.6541102 0.6271348 0.4222655 0.6726555 0.4252266 0.6804989 0.6917207 0.7416223 0.7109159 0.7514788 0.6979579 0.7337844 0.6979579 0.7337844 0.7109159 0.7514788 0.7152329 0.7440962 0.6979579 0.7337844 0.7152329 0.7440962 0.7170079 0.7397622 0.5001662 0.8094273 0.4987367 0.8096296 0.4959357 0.8158432 0.4959357 0.8158432 0.4987367 0.8096296 0.4978883 0.8098859 0.4959357 0.8158432 0.4978883 0.8098859 0.4976805 0.809971 0.4970529 0.8103005 0.4964745 0.8107336 0.4959702 0.8112631 0.4992954 0.8336279 0.4983656 0.8339164 0.5002733 0.8335036 0.5002733 0.8335036 0.4983656 0.8339164 0.4974756 0.8343741 0.5002733 0.8335036 0.4974756 0.8343741 0.4967243 0.8349341 0.4967243 0.8349341 0.4959972 0.8356881 0.5002733 0.8335036 0.5002733 0.8335036 0.4959972 0.8356881 0.4954143 0.8365388 0.5002733 0.8335036 0.4954143 0.8365388 0.4949851 0.8374578 0.494658 0.8400147 0.4948146 0.8408038 0.5002733 0.8335036 0.5002733 0.8335036 0.4948146 0.8408038 0.4951151 0.841594 0.5002733 0.8335036 0.4951151 0.841594 0.4955266 0.8423017 0.658007 0.6303178 0.6541102 0.6271348 0.6581305 0.660726 0.6581305 0.660726 0.6541102 0.6271348 0.5793506 0.7373206 0.6581305 0.660726 0.5793506 0.7373206 0.6540697 0.6745194 0.6540697 0.6745194 0.5793506 0.7373206 0.5912612 0.7349371 0.6540697 0.6745194 0.5912612 0.7349371 0.6489944 0.6868937 0.6489944 0.6868937 0.5912612 0.7349371 0.602078 0.7314787 0.6489944 0.6868937 0.602078 0.7314787 0.6430948 0.6976085 0.6430948 0.6976085 0.602078 0.7314787 0.6119209 0.7269684 0.6430948 0.6976085 0.6119209 0.7269684 0.6364278 0.7068375 0.6364278 0.7068375 0.6119209 0.7269684 0.6208889 0.7213919 0.6364278 0.7068375 0.6208889 0.7213919 0.6290148 0.7147347 0.4970529 0.8103005 0.4959702 0.8112631 0.4976805 0.809971 0.4976805 0.809971 0.4959702 0.8112631 0.4955779 0.8118334 0.4976805 0.809971 0.4955779 0.8118334 0.4952839 0.8124524 0.4951238 0.8129968 0.4950543 0.8135102 0.4976805 0.809971 0.4976805 0.809971 0.4950543 0.8135102 0.4950657 0.8140174 0.4976805 0.809971 0.4950657 0.8140174 0.4951532 0.8144864 0.7104524 0.7184408 0.7091107 0.7188221 0.702773 0.7254258 0.702773 0.7254258 0.7091107 0.7188221 0.7073311 0.7196341 0.702773 0.7254258 0.7073311 0.7196341 0.7044782 0.7215153 0.4174336 0.164565 0.4174336 0.245777 0.4258965 0.1565423 0.4258965 0.1565423 0.4174336 0.245777 0.4234704 0.2514815 0.4258965 0.1565423 0.4234704 0.2514815 0.4349172 0.1497667 0.4349172 0.1497667 0.4234704 0.2514815 0.4446943 0.1440049 0.718044 0.7352731 0.718425 0.7304701 0.702773 0.7254258 0.702773 0.7254258 0.718425 0.7304701 0.7183279 0.7279111 0.702773 0.7254258 0.7183279 0.7279111 0.7177925 0.7245547 0.702773 0.7254258 0.7157448 0.7201794 0.7151176 0.7195437 0.4951532 0.8144864 0.4953215 0.8149498 0.4976805 0.809971 0.4976805 0.809971 0.4953215 0.8149498 0.4955896 0.815419 0.4976805 0.809971 0.4955896 0.815419 0.4959357 0.8158432 0.7177925 0.7245547 0.7170876 0.7224138 0.702773 0.7254258 0.702773 0.7254258 0.7170876 0.7224138 0.7163631 0.7210215 0.702773 0.7254258 0.7163631 0.7210215 0.7157448 0.7201794 0.7151176 0.7195437 0.7144674 0.7190594 0.702773 0.7254258 0.702773 0.7254258 0.7144674 0.7190594 0.7137715 0.7186958 0.702773 0.7254258 0.7137715 0.7186958 0.7131842 0.718491 0.7131842 0.718491 0.7124063 0.7183403 0.702773 0.7254258 0.702773 0.7254258 0.7124063 0.7183403 0.7115172 0.7183099 0.702773 0.7254258 0.7115172 0.7183099 0.7104524 0.7184408 0.3734547 0.4042073 0.3823078 0.4086726 0.4123895 0.4086726 0.4123895 0.4086726 0.3823078 0.4086726 0.3829509 0.4227079 0.4123895 0.4086726 0.3829509 0.4227079 0.4119212 0.4551863 0.4119212 0.4551863 0.3829509 0.4227079 0.3831997 0.4499843 0.4119212 0.4551863 0.3831997 0.4499843 0.4105926 0.4888921 0.4105926 0.4888921 0.3831997 0.4499843 0.3821052 0.4768572 0.4105926 0.4888921 0.3821052 0.4768572 0.4083633 0.519565 0.3771609 0.71561 0.4096004 0.7070087 0.3725299 0.7016967 0.3725299 0.7016967 0.4096004 0.7070087 0.4048992 0.6951965 0.3725299 0.7016967 0.4048992 0.6951965 0.3688095 0.6865515 0.3688095 0.6865515 0.4048992 0.6951965 0.4012752 0.6829847 0.3688095 0.6865515 0.4012752 0.6829847 0.3660818 0.67022 0.3660818 0.67022 0.4012752 0.6829847 0.3983641 0.6689187 0.3660818 0.67022 0.3983641 0.6689187 0.3644336 0.6528132 0.3644336 0.6528132 0.3983641 0.6689187 0.3964896 0.6537676 0.3644336 0.6528132 0.3964896 0.6537676 0.3639458 0.6345301 0.3639458 0.6345301 0.3964896 0.6537676 0.395725 0.6376075 0.3639458 0.6345301 0.395725 0.6376075 0.3647244 0.6140221 0.3647244 0.6140221 0.395725 0.6376075 0.3961299 0.6206123 0.3647244 0.6140221 0.3961299 0.6206123 0.3666354 0.5934206 0.3666354 0.5934206 0.3961299 0.6206123 0.3976449 0.6026281 0.3666354 0.5934206 0.3976449 0.6026281 0.3706726 0.5640016 0.5912944 0.815545 0.5945163 0.8130596 0.5725101 0.7733154 0.5725101 0.7733154 0.5945163 0.8130596 0.59947 0.8101925 0.5725101 0.7733154 0.59947 0.8101925 0.5887997 0.7718331 0.5887997 0.7718331 0.59947 0.8101925 0.6081882 0.8063567 0.5887997 0.7718331 0.6081882 0.8063567 0.6161286 0.770381 0.6161286 0.770381 0.6081882 0.8063567 0.6188911 0.8028116 0.6161286 0.770381 0.6188911 0.8028116 0.6303456 0.7691213 0.6303456 0.7691213 0.6188911 0.8028116 0.6425382 0.7966093 0.6303456 0.7691213 0.6425382 0.7966093 0.6434576 0.7670722 0.6434576 0.7670722 0.6425382 0.7966093 0.6558818 0.7924629 0.6434576 0.7670722 0.6558818 0.7924629 0.6558045 0.7639092 0.6558045 0.7639092 0.6558818 0.7924629 0.6674784 0.787879 0.6558045 0.7639092 0.6674784 0.787879 0.6655395 0.7602055 0.6655395 0.7602055 0.6674784 0.787879 0.6776332 0.7827608 0.6655395 0.7602055 0.6776332 0.7827608 0.6753679 0.7550048 0.6753679 0.7550048 0.6776332 0.7827608 0.6870825 0.7766629 0.6753679 0.7550048 0.6870825 0.7766629 0.6841336 0.7487655 0.6841336 0.7487655 0.6870825 0.7766629 0.696021 0.7692201 0.6841336 0.7487655 0.696021 0.7692201 0.6917207 0.7416223 0.6917207 0.7416223 0.696021 0.7692201 0.7040473 0.7607204 0.6917207 0.7416223 0.7040473 0.7607204 0.7109159 0.7514788 0.3821052 0.4768572 0.3798201 0.502138 0.4083633 0.519565 0.4083633 0.519565 0.3798201 0.502138 0.3761664 0.5290225 0.4083633 0.519565 0.3761664 0.5290225 0.405083 0.5488839 0.405083 0.5488839 0.3761664 0.5290225 0.3706726 0.5640016 0.405083 0.5488839 0.3706726 0.5640016 0.4004519 0.5808678 0.4004519 0.5808678 0.3706726 0.5640016 0.3976449 0.6026281 0.4174336 0.245777 0.4234704 0.2514815 0.4174336 0.245777 0.4174336 0.245777 0.4234704 0.2514815 0.4234704 0.2514815 0.4174336 0.164565 0.4174336 0.245777 0.4174336 0.164565 0.4174336 0.164565 0.4174336 0.245777 0.4174336 0.245777 0.4174336 0.164565 0.4174336 0.164565 0.4258965 0.1565423 0.4174336 0.164565 0.4258965 0.1565423 0.4258965 0.1565423 0.4258965 0.1565423 0.4258965 0.1565423 0.4349172 0.1497667 0.4258965 0.1565423 0.4349172 0.1497667 0.4349172 0.1497667 0.4349172 0.1497667 0.4349172 0.1497667 0.4446943 0.1440049 0.4349172 0.1497667 0.4446943 0.1440049 0.4446943 0.1440049 0.4446943 0.1440049 0.4446943 0.1440049 0.4553166 0.139194 0.4446943 0.1440049 0.4553166 0.139194 0.4553166 0.139194 0.4553166 0.139194 0.4553166 0.139194 0.4669062 0.1352925 0.4553166 0.139194 0.4669062 0.1352925 0.4669062 0.1352925 0.4669062 0.1352925 0.4669062 0.1352925 0.4796226 0.1322785 0.4669062 0.1352925 0.4796226 0.1322785 0.4796226 0.1322785 0.4796226 0.1322785 0.4796226 0.1322785 0.4936791 0.1301431 0.4796226 0.1322785 0.4936791 0.1301431 0.4936791 0.1301431 0.4936791 0.1301431 0.4936791 0.1301431 0.5093849 0.1288795 0.4936791 0.1301431 0.5093849 0.1288795 0.5093849 0.1288795 0.5093849 0.1288795 0.5093849 0.1288795 0.5307862 0.1284755 0.5093849 0.1288795 0.5307862 0.1284755 0.5307862 0.1284755 0.5307862 0.1284755 0.5307862 0.1284755 0.5557572 0.1293386 0.5307862 0.1284755 0.5557572 0.1293386 0.5557572 0.1293386 0.5557572 0.1293386 0.5557572 0.1293386 0.5808625 0.1314719 0.5557572 0.1293386 0.5808625 0.1314719 0.5808625 0.1314719 0.5808625 0.1314719 0.5808625 0.1314719 0.598887 0.1337245 0.5808625 0.1314719 0.598887 0.1337245 0.598887 0.1337245 0.598887 0.1337245 0.598887 0.1337245 0.6134475 0.1364619 0.598887 0.1337245 0.6134475 0.1364619 0.6134475 0.1364619 0.6134475 0.1364619 0.6134475 0.1364619 0.6241003 0.1395108 0.6134475 0.1364619 0.6241003 0.1395108 0.6241003 0.1395108 0.6241003 0.1395108 0.6241003 0.1395108 0.6332362 0.1432363 0.6241003 0.1395108 0.6332362 0.1432363 0.6332362 0.1432363 0.6332362 0.1432363 0.6332362 0.1432363 0.6411424 0.147665 0.6332362 0.1432363 0.6411424 0.147665 0.6411424 0.147665 0.6411424 0.147665 0.6411424 0.147665 0.6477572 0.1526363 0.6411424 0.147665 0.6477572 0.1526363 0.6477572 0.1526363 0.6477572 0.1526363 0.6477572 0.1526363 0.6530848 0.1580325 0.6477572 0.1526363 0.6530848 0.1580325 0.6530848 0.1580325 0.6530848 0.1580325 0.6530848 0.1580325 0.6569611 0.1634222 0.6530848 0.1580325 0.6569611 0.1634222 0.6569611 0.1634222 0.6569611 0.1634222 0.6569611 0.1634222 0.659823 0.1691378 0.6569611 0.1634222 0.659823 0.1691378 0.659823 0.1691378 0.659823 0.244488 0.659823 0.1691378 0.659823 0.244488 0.659823 0.244488 0.659823 0.1691378 0.659823 0.1691378 0.6541102 0.2514815 0.659823 0.244488 0.6541102 0.2514815 0.6541102 0.2514815 0.659823 0.244488 0.659823 0.244488 0.6541102 0.2667829 0.6541102 0.2514815 0.6541102 0.2667829 0.6541102 0.2667829 0.6541102 0.2514815 0.6541102 0.2514815 0.659823 0.2736877 0.6541102 0.2667829 0.659823 0.2736877 0.659823 0.2736877 0.6541102 0.2667829 0.6541102 0.2667829 0.6619036 0.2802585 0.659823 0.2736877 0.6619036 0.2802585 0.6619036 0.2802585 0.659823 0.2736877 0.659823 0.2736877 0.6619036 0.3103758 0.6619036 0.2802585 0.6619036 0.3103758 0.6619036 0.3103758 0.6619036 0.2802585 0.6619036 0.2802585 0.6541102 0.3168236 0.6619036 0.3103758 0.6541102 0.3168236 0.6541102 0.3168236 0.6619036 0.3103758 0.6619036 0.3103758 0.6541102 0.6271348 0.6541102 0.3168236 0.6541102 0.6271348 0.6541102 0.6271348 0.6541102 0.3168236 0.6541102 0.3168236 0.658007 0.6303178 0.6541102 0.6271348 0.658007 0.6303178 0.658007 0.6303178 0.6541102 0.6271348 0.6541102 0.6271348 0.6581305 0.660726 0.658007 0.6303178 0.6581305 0.660726 0.6581305 0.660726 0.658007 0.6303178 0.658007 0.6303178 0.6581305 0.660726 0.6581305 0.660726 0.6540697 0.6745194 0.6581305 0.660726 0.6540697 0.6745194 0.6540697 0.6745194 0.6540697 0.6745194 0.6540697 0.6745194 0.6489944 0.6868937 0.6540697 0.6745194 0.6489944 0.6868937 0.6489944 0.6868937 0.6489944 0.6868937 0.6489944 0.6868937 0.6430948 0.6976085 0.6489944 0.6868937 0.6430948 0.6976085 0.6430948 0.6976085 0.6430948 0.6976085 0.6430948 0.6976085 0.6364278 0.7068375 0.6430948 0.6976085 0.6364278 0.7068375 0.6364278 0.7068375 0.6364278 0.7068375 0.6364278 0.7068375 0.6290148 0.7147347 0.6364278 0.7068375 0.6290148 0.7147347 0.6290148 0.7147347 0.6290148 0.7147347 0.6290148 0.7147347 0.6208889 0.7213919 0.6290148 0.7147347 0.6208889 0.7213919 0.6208889 0.7213919 0.6208889 0.7213919 0.6208889 0.7213919 0.6119209 0.7269684 0.6208889 0.7213919 0.6119209 0.7269684 0.6119209 0.7269684 0.6119209 0.7269684 0.6119209 0.7269684 0.602078 0.7314787 0.6119209 0.7269684 0.602078 0.7314787 0.602078 0.7314787 0.602078 0.7314787 0.602078 0.7314787 0.5912612 0.7349371 0.602078 0.7314787 0.5912612 0.7349371 0.5912612 0.7349371 0.5912612 0.7349371 0.5912612 0.7349371 0.5793506 0.7373206 0.5912612 0.7349371 0.5793506 0.7373206 0.5793506 0.7373206 0.5793506 0.7373206 0.5793506 0.7373206 0.5680659 0.7384709 0.5793506 0.7373206 0.5680659 0.7384709 0.5680659 0.7384709 0.5680659 0.7606696 0.5680659 0.7384709 0.5680659 0.7606696 0.5680659 0.7606696 0.5680659 0.7384709 0.5680659 0.7384709 0.5652145 0.7630288 0.5680659 0.7606696 0.5652145 0.7630288 0.5652145 0.7630288 0.5680659 0.7606696 0.5680659 0.7606696 0.5725101 0.7733154 0.5652145 0.7630288 0.5725101 0.7733154 0.5725101 0.7733154 0.5652145 0.7630288 0.5652145 0.7630288 0.5725101 0.7733154 0.5725101 0.7733154 0.5887997 0.7718331 0.5725101 0.7733154 0.5887997 0.7718331 0.5887997 0.7718331 0.5887997 0.7718331 0.5887997 0.7718331 0.6161286 0.770381 0.5887997 0.7718331 0.6161286 0.770381 0.6161286 0.770381 0.6161286 0.770381 0.6161286 0.770381 0.6303456 0.7691213 0.6161286 0.770381 0.6303456 0.7691213 0.6303456 0.7691213 0.6303456 0.7691213 0.6303456 0.7691213 0.6434576 0.7670722 0.6303456 0.7691213 0.6434576 0.7670722 0.6434576 0.7670722 0.6434576 0.7670722 0.6434576 0.7670722 0.6558045 0.7639092 0.6434576 0.7670722 0.6558045 0.7639092 0.6558045 0.7639092 0.6558045 0.7639092 0.6558045 0.7639092 0.6655395 0.7602055 0.6558045 0.7639092 0.6655395 0.7602055 0.6655395 0.7602055 0.6655395 0.7602055 0.6655395 0.7602055 0.6753679 0.7550048 0.6655395 0.7602055 0.6753679 0.7550048 0.6753679 0.7550048 0.6753679 0.7550048 0.6753679 0.7550048 0.6841336 0.7487655 0.6753679 0.7550048 0.6841336 0.7487655 0.6841336 0.7487655 0.6841336 0.7487655 0.6841336 0.7487655 0.6917207 0.7416223 0.6841336 0.7487655 0.6917207 0.7416223 0.6917207 0.7416223 0.6917207 0.7416223 0.6917207 0.7416223 0.6979579 0.7337844 0.6917207 0.7416223 0.6979579 0.7337844 0.6979579 0.7337844 0.6979579 0.7337844 0.6979579 0.7337844 0.702773 0.7254258 0.6979579 0.7337844 0.702773 0.7254258 0.702773 0.7254258 0.702773 0.7254258 0.702773 0.7254258 0.7044782 0.7215153 0.702773 0.7254258 0.7044782 0.7215153 0.7044782 0.7215153 0.7044782 0.7215153 0.7044782 0.7215153 0.7073311 0.7196341 0.7044782 0.7215153 0.7073311 0.7196341 0.7073311 0.7196341 0.7073311 0.7196341 0.7073311 0.7196341 0.7091107 0.7188221 0.7073311 0.7196341 0.7091107 0.7188221 0.7091107 0.7188221 0.7091107 0.7188221 0.7091107 0.7188221 0.7104524 0.7184408 0.7091107 0.7188221 0.7104524 0.7184408 0.7104524 0.7184408 0.7104524 0.7184408 0.7104524 0.7184408 0.7115172 0.7183099 0.7104524 0.7184408 0.7115172 0.7183099 0.7115172 0.7183099 0.7115172 0.7183099 0.7115172 0.7183099 0.7124063 0.7183403 0.7115172 0.7183099 0.7124063 0.7183403 0.7124063 0.7183403 0.7124063 0.7183403 0.7124063 0.7183403 0.7131842 0.718491 0.7124063 0.7183403 0.7131842 0.718491 0.7131842 0.718491 0.7131842 0.718491 0.7131842 0.718491 0.7137715 0.7186958 0.7131842 0.718491 0.7137715 0.7186958 0.7137715 0.7186958 0.7137715 0.7186958 0.7137715 0.7186958 0.7144674 0.7190594 0.7137715 0.7186958 0.7144674 0.7190594 0.7144674 0.7190594 0.7144674 0.7190594 0.7144674 0.7190594 0.7151176 0.7195437 0.7144674 0.7190594 0.7151176 0.7195437 0.7151176 0.7195437 0.7151176 0.7195437 0.7151176 0.7195437 0.7157448 0.7201794 0.7151176 0.7195437 0.7157448 0.7201794 0.7157448 0.7201794 0.7157448 0.7201794 0.7157448 0.7201794 0.7163631 0.7210215 0.7157448 0.7201794 0.7163631 0.7210215 0.7163631 0.7210215 0.7163631 0.7210215 0.7163631 0.7210215 0.7170876 0.7224138 0.7163631 0.7210215 0.7170876 0.7224138 0.7170876 0.7224138 0.7170876 0.7224138 0.7170876 0.7224138 0.7177925 0.7245547 0.7170876 0.7224138 0.7177925 0.7245547 0.7177925 0.7245547 0.7177925 0.7245547 0.7177925 0.7245547 0.7183279 0.7279111 0.7177925 0.7245547 0.7183279 0.7279111 0.7183279 0.7279111 0.7183279 0.7279111 0.7183279 0.7279111 0.718425 0.7304701 0.7183279 0.7279111 0.718425 0.7304701 0.718425 0.7304701 0.718425 0.7304701 0.718425 0.7304701 0.718044 0.7352731 0.718425 0.7304701 0.718044 0.7352731 0.718044 0.7352731 0.718044 0.7352731 0.718044 0.7352731 0.7170079 0.7397622 0.718044 0.7352731 0.7170079 0.7397622 0.7170079 0.7397622 0.7170079 0.7397622 0.7170079 0.7397622 0.7152329 0.7440962 0.7170079 0.7397622 0.7152329 0.7440962 0.7152329 0.7440962 0.7152329 0.7440962 0.7152329 0.7440962 0.7109159 0.7514788 0.7152329 0.7440962 0.7109159 0.7514788 0.7109159 0.7514788 0.7109159 0.7514788 0.7109159 0.7514788 0.7040473 0.7607204 0.7109159 0.7514788 0.7040473 0.7607204 0.7040473 0.7607204 0.7040473 0.7607204 0.7040473 0.7607204 0.696021 0.7692201 0.7040473 0.7607204 0.696021 0.7692201 0.696021 0.7692201 0.696021 0.7692201 0.696021 0.7692201 0.6870825 0.7766629 0.696021 0.7692201 0.6870825 0.7766629 0.6870825 0.7766629 0.6870825 0.7766629 0.6870825 0.7766629 0.6776332 0.7827608 0.6870825 0.7766629 0.6776332 0.7827608 0.6776332 0.7827608 0.6776332 0.7827608 0.6776332 0.7827608 0.6674784 0.787879 0.6776332 0.7827608 0.6674784 0.787879 0.6674784 0.787879 0.6674784 0.787879 0.6674784 0.787879 0.6558818 0.7924629 0.6674784 0.787879 0.6558818 0.7924629 0.6558818 0.7924629 0.6558818 0.7924629 0.6558818 0.7924629 0.6425382 0.7966093 0.6558818 0.7924629 0.6425382 0.7966093 0.6425382 0.7966093 0.6425382 0.7966093 0.6425382 0.7966093 0.6188911 0.8028116 0.6425382 0.7966093 0.6188911 0.8028116 0.6188911 0.8028116 0.6188911 0.8028116 0.6188911 0.8028116 0.6081882 0.8063567 0.6188911 0.8028116 0.6081882 0.8063567 0.6081882 0.8063567 0.6081882 0.8063567 0.6081882 0.8063567 0.59947 0.8101925 0.6081882 0.8063567 0.59947 0.8101925 0.59947 0.8101925 0.59947 0.8101925 0.59947 0.8101925 0.5945163 0.8130596 0.59947 0.8101925 0.5945163 0.8130596 0.5945163 0.8130596 0.5945163 0.8130596 0.5945163 0.8130596 0.5912944 0.815545 0.5945163 0.8130596 0.5912944 0.815545 0.5912944 0.815545 0.5912944 0.815545 0.5912944 0.815545 0.5889505 0.8179781 0.5912944 0.815545 0.5889505 0.8179781 0.5889505 0.8179781 0.5889505 0.8179781 0.5889505 0.8179781 0.5872147 0.8204836 0.5889505 0.8179781 0.5872147 0.8204836 0.5872147 0.8204836 0.5872147 0.8204836 0.5872147 0.8204836 0.5860575 0.8229264 0.5872147 0.8204836 0.5860575 0.8229264 0.5860575 0.8229264 0.5860575 0.8229264 0.5860575 0.8229264 0.5852471 0.8257199 0.5860575 0.8229264 0.5852471 0.8257199 0.5852471 0.8257199 0.5852471 0.8257199 0.5852471 0.8257199 0.5849111 0.8285475 0.5852471 0.8257199 0.5849111 0.8285475 0.5849111 0.8285475 0.5849111 0.8285475 0.5849111 0.8285475 0.5850072 0.8307756 0.5849111 0.8285475 0.5850072 0.8307756 0.5850072 0.8307756 0.5850072 0.8307756 0.5850072 0.8307756 0.585373 0.8326034 0.5850072 0.8307756 0.585373 0.8326034 0.585373 0.8326034 0.585373 0.8326034 0.585373 0.8326034 0.5859422 0.8341406 0.585373 0.8326034 0.5859422 0.8341406 0.5859422 0.8341406 0.5859422 0.8341406 0.5859422 0.8341406 0.5868347 0.8357064 0.5859422 0.8341406 0.5868347 0.8357064 0.5868347 0.8357064 0.5868347 0.8357064 0.5868347 0.8357064 0.5879851 0.8371587 0.5868347 0.8357064 0.5879851 0.8371587 0.5879851 0.8371587 0.5879851 0.8371587 0.5879851 0.8371587 0.5901186 0.839141 0.5879851 0.8371587 0.5901186 0.839141 0.5901186 0.839141 0.5901186 0.839141 0.5901186 0.839141 0.594267 0.8419334 0.5901186 0.839141 0.594267 0.8419334 0.594267 0.8419334 0.594267 0.8419334 0.594267 0.8419334 0.6076463 0.8491685 0.594267 0.8419334 0.6076463 0.8491685 0.6076463 0.8491685 0.6076463 0.8491685 0.6076463 0.8491685 0.6452377 0.8683028 0.6076463 0.8491685 0.6452377 0.8683028 0.6452377 0.8683028 0.7137111 0.891273 0.6452377 0.8683028 0.7137111 0.891273 0.7137111 0.891273 0.6452377 0.8683028 0.6452377 0.8683028 0.7137111 0.891273 0.7137111 0.891273 0.713492 0.9001722 0.7137111 0.891273 0.713492 0.9001722 0.713492 0.9001722 0.713492 0.9001722 0.713492 0.9001722 0.7119072 0.9088373 0.713492 0.9001722 0.7119072 0.9088373 0.7119072 0.9088373 0.7119072 0.9088373 0.7119072 0.9088373 0.7089728 0.9172536 0.7119072 0.9088373 0.7089728 0.9172536 0.7089728 0.9172536 0.7089728 0.9172536 0.7089728 0.9172536 0.7075381 0.9203258 0.7089728 0.9172536 0.7075381 0.9203258 0.7075381 0.9203258 0.693194 0.9203258 0.7075381 0.9203258 0.693194 0.9203258 0.693194 0.9203258 0.7075381 0.9203258 0.7075381 0.9203258 0.693194 0.9203258 0.693194 0.9203258 0.6644702 0.9134745 0.693194 0.9203258 0.6644702 0.9134745 0.6644702 0.9134745 0.6644702 0.9134745 0.6644702 0.9134745 0.63628 0.905342 0.6644702 0.9134745 0.63628 0.905342 0.63628 0.905342 0.63628 0.905342 0.63628 0.905342 0.6086823 0.8959531 0.63628 0.905342 0.6086823 0.8959531 0.6086823 0.8959531 0.6086823 0.8959531 0.6086823 0.8959531 0.5816431 0.8853064 0.6086823 0.8959531 0.5816431 0.8853064 0.5816431 0.8853064 0.5816431 0.8853064 0.5816431 0.8853064 0.5551306 0.873395 0.5816431 0.8853064 0.5551306 0.873395 0.5551306 0.873395 0.5551306 0.873395 0.5551306 0.873395 0.529115 0.8602058 0.5551306 0.873395 0.529115 0.8602058 0.529115 0.8602058 0.529115 0.8602058 0.529115 0.8602058 0.5048326 0.8464742 0.529115 0.8602058 0.5048326 0.8464742 0.5048326 0.8464742 0.5048326 0.8464742 0.5048326 0.8464742 0.5002733 0.8437362 0.5048326 0.8464742 0.5002733 0.8437362 0.5002733 0.8437362 0.5002733 0.8437362 0.5002733 0.8437362 0.4997057 0.8439681 0.5002733 0.8437362 0.4997057 0.8439681 0.4997057 0.8439681 0.4997057 0.8439681 0.4997057 0.8439681 0.4991163 0.844101 0.4997057 0.8439681 0.4991163 0.844101 0.4991163 0.844101 0.4991163 0.844101 0.4991163 0.844101 0.4985705 0.8441282 0.4991163 0.844101 0.4985705 0.8441282 0.4985705 0.8441282 0.4985705 0.8441282 0.4985705 0.8441282 0.498076 0.8440729 0.4985705 0.8441282 0.498076 0.8440729 0.498076 0.8440729 0.498076 0.8440729 0.498076 0.8440729 0.4975643 0.8439329 0.498076 0.8440729 0.4975643 0.8439329 0.4975643 0.8439329 0.4975643 0.8439329 0.4975643 0.8439329 0.497054 0.8437035 0.4975643 0.8439329 0.497054 0.8437035 0.497054 0.8437035 0.497054 0.8437035 0.497054 0.8437035 0.4965426 0.8433721 0.497054 0.8437035 0.4965426 0.8433721 0.4965426 0.8433721 0.4965426 0.8433721 0.4965426 0.8433721 0.4960017 0.8428865 0.4965426 0.8433721 0.4960017 0.8428865 0.4960017 0.8428865 0.4960017 0.8428865 0.4960017 0.8428865 0.4955266 0.8423017 0.4960017 0.8428865 0.4955266 0.8423017 0.4955266 0.8423017 0.4955266 0.8423017 0.4955266 0.8423017 0.4951151 0.841594 0.4955266 0.8423017 0.4951151 0.841594 0.4951151 0.841594 0.4951151 0.841594 0.4951151 0.841594 0.4948146 0.8408038 0.4951151 0.841594 0.4948146 0.8408038 0.4948146 0.8408038 0.4948146 0.8408038 0.4948146 0.8408038 0.494658 0.8400147 0.4948146 0.8408038 0.494658 0.8400147 0.494658 0.8400147 0.494658 0.8400147 0.494658 0.8400147 0.494629 0.8392032 0.494658 0.8400147 0.494629 0.8392032 0.494629 0.8392032 0.494629 0.8392032 0.494629 0.8392032 0.4947326 0.838347 0.494629 0.8392032 0.4947326 0.838347 0.4947326 0.838347 0.4947326 0.838347 0.4947326 0.838347 0.4949851 0.8374578 0.4947326 0.838347 0.4949851 0.8374578 0.4949851 0.8374578 0.4949851 0.8374578 0.4949851 0.8374578 0.4954143 0.8365388 0.4949851 0.8374578 0.4954143 0.8365388 0.4954143 0.8365388 0.4954143 0.8365388 0.4954143 0.8365388 0.4959972 0.8356881 0.4954143 0.8365388 0.4959972 0.8356881 0.4959972 0.8356881 0.4959972 0.8356881 0.4959972 0.8356881 0.4967243 0.8349341 0.4959972 0.8356881 0.4967243 0.8349341 0.4967243 0.8349341 0.4967243 0.8349341 0.4967243 0.8349341 0.4974756 0.8343741 0.4967243 0.8349341 0.4974756 0.8343741 0.4974756 0.8343741 0.4974756 0.8343741 0.4974756 0.8343741 0.4983656 0.8339164 0.4974756 0.8343741 0.4983656 0.8339164 0.4983656 0.8339164 0.4983656 0.8339164 0.4983656 0.8339164 0.4992954 0.8336279 0.4983656 0.8339164 0.4992954 0.8336279 0.4992954 0.8336279 0.4992954 0.8336279 0.4992954 0.8336279 0.5002733 0.8335036 0.4992954 0.8336279 0.5002733 0.8335036 0.5002733 0.8335036 0.5002733 0.8219592 0.5002733 0.8335036 0.5002733 0.8219592 0.5002733 0.8219592 0.5002733 0.8335036 0.5002733 0.8335036 0.4959357 0.8158432 0.5002733 0.8219592 0.4959357 0.8158432 0.4959357 0.8158432 0.5002733 0.8219592 0.5002733 0.8219592 0.4959357 0.8158432 0.4959357 0.8158432 0.4955896 0.815419 0.4959357 0.8158432 0.4955896 0.815419 0.4955896 0.815419 0.4955896 0.815419 0.4955896 0.815419 0.4953215 0.8149498 0.4955896 0.815419 0.4953215 0.8149498 0.4953215 0.8149498 0.4953215 0.8149498 0.4953215 0.8149498 0.4951532 0.8144864 0.4953215 0.8149498 0.4951532 0.8144864 0.4951532 0.8144864 0.4951532 0.8144864 0.4951532 0.8144864 0.4950657 0.8140174 0.4951532 0.8144864 0.4950657 0.8140174 0.4950657 0.8140174 0.4950657 0.8140174 0.4950657 0.8140174 0.4950543 0.8135102 0.4950657 0.8140174 0.4950543 0.8135102 0.4950543 0.8135102 0.4950543 0.8135102 0.4950543 0.8135102 0.4951238 0.8129968 0.4950543 0.8135102 0.4951238 0.8129968 0.4951238 0.8129968 0.4951238 0.8129968 0.4951238 0.8129968 0.4952839 0.8124524 0.4951238 0.8129968 0.4952839 0.8124524 0.4952839 0.8124524 0.4952839 0.8124524 0.4952839 0.8124524 0.4955779 0.8118334 0.4952839 0.8124524 0.4955779 0.8118334 0.4955779 0.8118334 0.4955779 0.8118334 0.4955779 0.8118334 0.4959702 0.8112631 0.4955779 0.8118334 0.4959702 0.8112631 0.4959702 0.8112631 0.4959702 0.8112631 0.4959702 0.8112631 0.4964745 0.8107336 0.4959702 0.8112631 0.4964745 0.8107336 0.4964745 0.8107336 0.4964745 0.8107336 0.4964745 0.8107336 0.4970529 0.8103005 0.4964745 0.8107336 0.4970529 0.8103005 0.4970529 0.8103005 0.4970529 0.8103005 0.4970529 0.8103005 0.4976805 0.809971 0.4970529 0.8103005 0.4976805 0.809971 0.4976805 0.809971 0.4976805 0.809971 0.4976805 0.809971 0.4978883 0.8098859 0.4976805 0.809971 0.4978883 0.8098859 0.4978883 0.8098859 0.4978883 0.8098859 0.4978883 0.8098859 0.4987367 0.8096296 0.4978883 0.8098859 0.4987367 0.8096296 0.4987367 0.8096296 0.4987367 0.8096296 0.4987367 0.8096296 0.5001662 0.8094273 0.4987367 0.8096296 0.5001662 0.8094273 0.5001662 0.8094273 0.5001662 0.8094273 0.5001662 0.8094273 0.5026689 0.809427 0.5001662 0.8094273 0.5026689 0.809427 0.5026689 0.809427 0.5026689 0.809427 0.5026689 0.809427 0.5055588 0.8095092 0.5026689 0.809427 0.5055588 0.8095092 0.5055588 0.8095092 0.5055588 0.8095092 0.5055588 0.8095092 0.5068241 0.8093914 0.5055588 0.8095092 0.5068241 0.8093914 0.5068241 0.8093914 0.5068241 0.8093914 0.5068241 0.8093914 0.50696 0.8093652 0.5068241 0.8093914 0.50696 0.8093652 0.50696 0.8093652 0.5115502 0.8093652 0.50696 0.8093652 0.5115502 0.8093652 0.5115502 0.8093652 0.50696 0.8093652 0.50696 0.8093652 0.5115502 0.7972959 0.5115502 0.8093652 0.5115502 0.7972959 0.5115502 0.7972959 0.5115502 0.8093652 0.5115502 0.8093652 0.4698561 0.7972959 0.5115502 0.7972959 0.4698561 0.7972959 0.4698561 0.7972959 0.5115502 0.7972959 0.5115502 0.7972959 0.4661929 0.7921308 0.4698561 0.7972959 0.4661929 0.7921308 0.4661929 0.7921308 0.4698561 0.7972959 0.4698561 0.7972959 0.4661929 0.7921308 0.4661929 0.7921308 0.4533652 0.7892386 0.4661929 0.7921308 0.4533652 0.7892386 0.4533652 0.7892386 0.4533652 0.7892386 0.4533652 0.7892386 0.4415706 0.78523 0.4533652 0.7892386 0.4415706 0.78523 0.4415706 0.78523 0.4415706 0.78523 0.4415706 0.78523 0.4307129 0.7801547 0.4415706 0.78523 0.4307129 0.7801547 0.4307129 0.7801547 0.4307129 0.7801547 0.4307129 0.7801547 0.4207183 0.7740409 0.4307129 0.7801547 0.4207183 0.7740409 0.4207183 0.7740409 0.4207183 0.7740409 0.4207183 0.7740409 0.4115269 0.7668941 0.4207183 0.7740409 0.4115269 0.7668941 0.4115269 0.7668941 0.4115269 0.7668941 0.4115269 0.7668941 0.4030964 0.7586998 0.4115269 0.7668941 0.4030964 0.7586998 0.4030964 0.7586998 0.4030964 0.7586998 0.4030964 0.7586998 0.3954036 0.749427 0.4030964 0.7586998 0.3954036 0.749427 0.3954036 0.749427 0.3954036 0.749427 0.3954036 0.749427 0.3884451 0.7390343 0.3954036 0.749427 0.3884451 0.7390343 0.3884451 0.7390343 0.3884451 0.7390343 0.3884451 0.7390343 0.3826445 0.7283167 0.3884451 0.7390343 0.3826445 0.7283167 0.3826445 0.7283167 0.3826445 0.7283167 0.3826445 0.7283167 0.3771609 0.71561 0.3826445 0.7283167 0.3771609 0.71561 0.3771609 0.71561 0.3771609 0.71561 0.3771609 0.71561 0.3725299 0.7016967 0.3771609 0.71561 0.3725299 0.7016967 0.3725299 0.7016967 0.3725299 0.7016967 0.3725299 0.7016967 0.3688095 0.6865515 0.3725299 0.7016967 0.3688095 0.6865515 0.3688095 0.6865515 0.3688095 0.6865515 0.3688095 0.6865515 0.3660818 0.67022 0.3688095 0.6865515 0.3660818 0.67022 0.3660818 0.67022 0.3660818 0.67022 0.3660818 0.67022 0.3644336 0.6528132 0.3660818 0.67022 0.3644336 0.6528132 0.3644336 0.6528132 0.3644336 0.6528132 0.3644336 0.6528132 0.3639458 0.6345301 0.3644336 0.6528132 0.3639458 0.6345301 0.3639458 0.6345301 0.3639458 0.6345301 0.3639458 0.6345301 0.3647244 0.6140221 0.3639458 0.6345301 0.3647244 0.6140221 0.3647244 0.6140221 0.3647244 0.6140221 0.3647244 0.6140221 0.3666354 0.5934206 0.3647244 0.6140221 0.3666354 0.5934206 0.3666354 0.5934206 0.3666354 0.5934206 0.3666354 0.5934206 0.3706726 0.5640016 0.3666354 0.5934206 0.3706726 0.5640016 0.3706726 0.5640016 0.3706726 0.5640016 0.3706726 0.5640016 0.3761664 0.5290225 0.3706726 0.5640016 0.3761664 0.5290225 0.3761664 0.5290225 0.3761664 0.5290225 0.3761664 0.5290225 0.3798201 0.502138 0.3761664 0.5290225 0.3798201 0.502138 0.3798201 0.502138 0.3798201 0.502138 0.3798201 0.502138 0.3821052 0.4768572 0.3798201 0.502138 0.3821052 0.4768572 0.3821052 0.4768572 0.3821052 0.4768572 0.3821052 0.4768572 0.3831997 0.4499843 0.3821052 0.4768572 0.3831997 0.4499843 0.3831997 0.4499843 0.3831997 0.4499843 0.3831997 0.4499843 0.3829509 0.4227079 0.3831997 0.4499843 0.3829509 0.4227079 0.3829509 0.4227079 0.3829509 0.4227079 0.3829509 0.4227079 0.3823078 0.4086726 0.3829509 0.4227079 0.3823078 0.4086726 0.3823078 0.4086726 0.3734547 0.4042073 0.3823078 0.4086726 0.3734547 0.4042073 0.3734547 0.4042073 0.3823078 0.4086726 0.3823078 0.4086726 0.3705031 0.3863802 0.3734547 0.4042073 0.3705031 0.3863802 0.3705031 0.3863802 0.3734547 0.4042073 0.3734547 0.4042073 0.3705031 0.2736877 0.3705031 0.3863802 0.3705031 0.2736877 0.3705031 0.2736877 0.3705031 0.3863802 0.3705031 0.3863802 0.3705031 0.2736877 0.3705031 0.2736877 0.3804948 0.2703199 0.3705031 0.2736877 0.3804948 0.2703199 0.3804948 0.2703199 0.3804948 0.2703199 0.3804948 0.2703199 0.3904815 0.2684017 0.3804948 0.2703199 0.3904815 0.2684017 0.3904815 0.2684017 0.3904815 0.2684017 0.3904815 0.2684017 0.400344 0.2679132 0.3904815 0.2684017 0.400344 0.2679132 0.400344 0.2679132 0.400344 0.2679132 0.400344 0.2679132 0.4101753 0.2688018 0.400344 0.2679132 0.4101753 0.2688018 0.4101753 0.2688018 0.4101753 0.2688018 0.4101753 0.2688018 0.4196739 0.2709517 0.4101753 0.2688018 0.4196739 0.2709517 0.4196739 0.2709517 0.4196739 0.2709517 0.4196739 0.2709517 0.4207624 0.2712785 0.4196739 0.2709517 0.4207624 0.2712785 0.4207624 0.2712785 0.4234704 0.2667829 0.4207624 0.2712785 0.4234704 0.2667829 0.4234704 0.2667829 0.4207624 0.2712785 0.4207624 0.2712785 0.4234704 0.2514815 0.4234704 0.2667829 0.4234704 0.2514815 0.4234704 0.2514815 0.4234704 0.2667829 0.4234704 0.2667829 0.5115502 0.7384709 0.5115502 0.7384709 0.5041337 0.738223 0.5115502 0.7384709 0.5041337 0.738223 0.5041337 0.738223 0.5041337 0.738223 0.5041337 0.738223 0.4952659 0.7367045 0.5041337 0.738223 0.4952659 0.7367045 0.4952659 0.7367045 0.4952659 0.7367045 0.4952659 0.7367045 0.4856224 0.7337647 0.4952659 0.7367045 0.4856224 0.7337647 0.4856224 0.7337647 0.4856224 0.7337647 0.4856224 0.7337647 0.4743896 0.728811 0.4856224 0.7337647 0.4743896 0.728811 0.4743896 0.728811 0.4743896 0.728811 0.4743896 0.728811 0.4632739 0.7223133 0.4743896 0.728811 0.4632739 0.7223133 0.4632739 0.7223133 0.4632739 0.7223133 0.4632739 0.7223133 0.452901 0.7146763 0.4632739 0.7223133 0.452901 0.7146763 0.452901 0.7146763 0.452901 0.7146763 0.452901 0.7146763 0.4437345 0.7063537 0.452901 0.7146763 0.4437345 0.7063537 0.4437345 0.7063537 0.4437345 0.7063537 0.4437345 0.7063537 0.435745 0.6973755 0.4437345 0.7063537 0.435745 0.6973755 0.435745 0.6973755 0.435745 0.6973755 0.435745 0.6973755 0.4297002 0.6888073 0.435745 0.6973755 0.4297002 0.6888073 0.4297002 0.6888073 0.4297002 0.6888073 0.4297002 0.6888073 0.4252266 0.6804989 0.4297002 0.6888073 0.4252266 0.6804989 0.4252266 0.6804989 0.4252266 0.6804989 0.4252266 0.6804989 0.4222655 0.6726555 0.4252266 0.6804989 0.4222655 0.6726555 0.4222655 0.6726555 0.4222655 0.6726555 0.4222655 0.6726555 0.4205517 0.6643937 0.4222655 0.6726555 0.4205517 0.6643937 0.4205517 0.6643937 0.4205517 0.6643937 0.4205517 0.6643937 0.4202659 0.656719 0.4205517 0.6643937 0.4202659 0.656719 0.4202659 0.656719 0.4202659 0.656719 0.4202659 0.656719 0.421054 0.6409441 0.4202659 0.656719 0.421054 0.6409441 0.421054 0.6409441 0.421054 0.6409441 0.421054 0.6409441 0.4207624 0.6303178 0.421054 0.6409441 0.4207624 0.6303178 0.4207624 0.6303178 0.5115502 0.7384709 0.5115502 0.7555069 0.5115502 0.7384709 0.5115502 0.7384709 0.5115502 0.7555069 0.5115502 0.7555069 0.5115502 0.7555069 0.4713556 0.7555069 0.5115502 0.7555069 0.5115502 0.7555069 0.4713556 0.7555069 0.4713556 0.7555069 0.4713556 0.7555069 0.4661929 0.7606696 0.4713556 0.7555069 0.4713556 0.7555069 0.4661929 0.7606696 0.4661929 0.7606696 0.4123895 0.4086726 0.4123895 0.4086726 0.4119212 0.4551863 0.4123895 0.4086726 0.4119212 0.4551863 0.4119212 0.4551863 0.4119212 0.4551863 0.4119212 0.4551863 0.4105926 0.4888921 0.4119212 0.4551863 0.4105926 0.4888921 0.4105926 0.4888921 0.4105926 0.4888921 0.4105926 0.4888921 0.4083633 0.519565 0.4105926 0.4888921 0.4083633 0.519565 0.4083633 0.519565 0.4083633 0.519565 0.4083633 0.519565 0.405083 0.5488839 0.4083633 0.519565 0.405083 0.5488839 0.405083 0.5488839 0.405083 0.5488839 0.405083 0.5488839 0.4004519 0.5808678 0.405083 0.5488839 0.4004519 0.5808678 0.4004519 0.5808678 0.4004519 0.5808678 0.4004519 0.5808678 0.3976449 0.6026281 0.4004519 0.5808678 0.3976449 0.6026281 0.3976449 0.6026281 0.3976449 0.6026281 0.3976449 0.6026281 0.3961299 0.6206123 0.3976449 0.6026281 0.3961299 0.6206123 0.3961299 0.6206123 0.3961299 0.6206123 0.3961299 0.6206123 0.395725 0.6376075 0.3961299 0.6206123 0.395725 0.6376075 0.395725 0.6376075 0.395725 0.6376075 0.395725 0.6376075 0.3964896 0.6537676 0.395725 0.6376075 0.3964896 0.6537676 0.3964896 0.6537676 0.3964896 0.6537676 0.3964896 0.6537676 0.3983641 0.6689187 0.3964896 0.6537676 0.3983641 0.6689187 0.3983641 0.6689187 0.3983641 0.6689187 0.3983641 0.6689187 0.4012752 0.6829847 0.3983641 0.6689187 0.4012752 0.6829847 0.4012752 0.6829847 0.4012752 0.6829847 0.4012752 0.6829847 0.4048992 0.6951965 0.4012752 0.6829847 0.4048992 0.6951965 0.4048992 0.6951965 0.4048992 0.6951965 0.4048992 0.6951965 0.4096004 0.7070087 0.4048992 0.6951965 0.4096004 0.7070087 0.4096004 0.7070087 0.4096004 0.7070087 0.4096004 0.7070087 0.4151452 0.7177103 0.4096004 0.7070087 0.4151452 0.7177103 0.4151452 0.7177103 0.4151452 0.7177103 0.4151452 0.7177103 0.4215054 0.7273446 0.4151452 0.7177103 0.4215054 0.7273446 0.4215054 0.7273446 0.4215054 0.7273446 0.4215054 0.7273446 0.4286753 0.7359558 0.4215054 0.7273446 0.4286753 0.7359558 0.4286753 0.7359558 0.4286753 0.7359558 0.4286753 0.7359558 0.4366724 0.7435802 0.4286753 0.7359558 0.4366724 0.7435802 0.4366724 0.7435802 0.4366724 0.7435802 0.4366724 0.7435802 0.4455366 0.7502394 0.4366724 0.7435802 0.4455366 0.7502394 0.4455366 0.7502394 0.4455366 0.7502394 0.4455366 0.7502394 0.4553282 0.7559348 0.4455366 0.7502394 0.4553282 0.7559348 0.4553282 0.7559348 0.4553282 0.7559348 0.4553282 0.7559348 0.4661929 0.7606696 0.4553282 0.7559348 0.4661929 0.7606696 0.4661929 0.7606696 0.4123895 0.4086726 0.4234704 0.4086726 0.4123895 0.4086726 0.4123895 0.4086726 0.4234704 0.4086726 0.4234704 0.4086726 0.4234704 0.4086726 0.4207624 0.6303178 0.4234704 0.4086726 0.4234704 0.4086726 0.4207624 0.6303178 0.4207624 0.6303178</float_array>
          <technique_common>
            <accessor source="#灭火器-mesh-map-0-array" count="2868" stride="2">
              <param name="S" type="float"/>
              <param name="T" type="float"/>
            </accessor>
          </technique_common>
        </source>
        <vertices id="灭火器-mesh-vertices">
          <input semantic="POSITION" source="#灭火器-mesh-positions"/>
        </vertices>
        <triangles material="材质-material" count="956">
          <input semantic="VERTEX" source="#灭火器-mesh-vertices" offset="0"/>
          <input semantic="NORMAL" source="#灭火器-mesh-normals" offset="1"/>
          <input semantic="TEXCOORD" source="#灭火器-mesh-map-0" offset="2" set="0"/>
          <p>0 0 0 1 0 1 2 0 2 3 1 3 4 1 4 5 1 5 1 2 6 0 2 7 6 2 8 7 3 9 8 3 10 9 3 11 10 4 12 11 4 13 12 4 14 13 5 15 14 5 16 15 5 17 15 6 18 14 6 19 16 6 20 15 7 21 16 7 22 17 7 23 18 8 24 19 8 25 20 8 26 21 9 27 5 9 28 22 9 29 22 10 30 5 10 31 23 10 32 22 11 33 23 11 34 24 11 35 25 12 36 26 12 37 27 12 38 28 13 39 27 13 40 29 13 41 29 14 42 27 14 43 30 14 44 31 15 45 32 15 46 13 15 47 19 16 48 18 16 49 33 16 50 33 17 51 18 17 52 34 17 53 33 18 54 34 18 55 35 18 56 36 19 57 37 19 58 38 19 59 20 20 60 36 20 61 18 20 62 18 21 63 36 21 64 38 21 65 18 22 66 38 22 67 39 22 68 39 23 69 38 23 70 40 23 71 39 24 72 40 24 73 41 24 74 42 25 75 43 25 76 4 25 77 4 26 78 43 26 79 44 26 80 4 27 81 44 27 82 45 27 83 9 28 84 3 28 85 7 28 86 7 29 87 3 29 88 5 29 89 7 30 90 5 30 91 46 30 92 46 31 93 5 31 94 21 31 95 47 32 96 48 32 97 8 32 98 49 33 99 40 33 100 50 33 101 50 34 102 40 34 103 51 34 104 32 35 105 52 35 106 13 35 107 13 36 108 52 36 109 53 36 110 13 37 111 53 37 112 14 37 113 54 38 114 55 38 115 4 38 116 4 39 117 55 39 118 56 39 119 27 40 120 57 40 121 58 40 122 27 41 123 26 41 124 30 41 125 30 42 126 26 42 127 59 42 128 30 43 129 59 43 130 18 43 131 18 44 132 59 44 133 34 44 134 34 45 135 59 45 136 60 45 137 34 46 138 60 46 139 61 46 140 62 47 141 63 47 142 64 47 143 12 48 144 65 48 145 66 48 146 66 49 147 65 49 148 67 49 149 66 50 150 67 50 151 68 50 152 69 51 153 70 51 154 40 51 155 40 52 156 70 52 157 71 52 158 40 53 159 71 53 160 72 53 161 3 54 162 73 54 163 4 54 164 4 55 165 73 55 166 74 55 167 4 56 168 74 56 169 75 56 170 2 57 171 16 57 172 0 57 173 0 58 174 16 58 175 14 58 176 0 59 177 14 59 178 7 59 179 7 60 180 14 60 181 76 60 182 77 61 183 78 61 184 62 61 185 62 62 186 78 62 187 79 62 188 62 63 189 79 63 190 63 63 191 80 64 192 66 64 193 0 64 194 0 65 195 66 65 196 68 65 197 0 66 198 68 66 199 6 66 200 12 67 201 11 67 202 81 67 203 82 68 204 83 68 205 40 68 206 40 69 207 83 69 208 84 69 209 40 70 210 84 70 211 69 70 212 75 71 213 85 71 214 4 71 215 4 72 216 85 72 217 86 72 218 4 73 219 86 73 220 42 73 221 45 74 222 87 74 223 4 74 224 4 75 225 87 75 226 88 75 227 4 76 228 88 76 229 89 76 230 90 77 231 91 77 232 92 77 233 92 78 234 91 78 235 93 78 236 76 79 237 94 79 238 7 79 239 7 80 240 94 80 241 95 80 242 7 81 243 95 81 244 8 81 245 8 82 246 95 82 247 96 82 248 8 83 249 96 83 250 47 83 251 58 84 252 97 84 253 27 84 254 27 85 255 97 85 256 98 85 257 27 86 258 98 86 259 25 86 260 99 87 261 100 87 262 101 87 263 102 88 264 103 88 265 101 88 266 101 89 267 103 89 268 104 89 269 101 90 270 104 90 271 99 90 272 89 91 273 105 91 274 4 91 275 4 92 276 105 92 277 106 92 278 4 93 279 106 93 280 54 93 281 56 94 282 107 94 283 4 94 284 4 95 285 107 95 286 108 95 287 4 96 288 108 96 289 109 96 290 109 97 291 110 97 292 4 97 293 4 98 294 110 98 295 111 98 296 4 99 297 111 99 298 112 99 299 113 100 300 114 100 301 23 100 302 23 101 303 114 101 304 115 101 305 23 102 306 115 102 307 24 102 308 48 103 309 116 103 310 8 103 311 8 104 312 116 104 313 117 104 314 8 105 315 117 105 316 118 105 317 118 106 318 117 106 319 119 106 320 118 107 321 119 107 322 120 107 323 120 108 324 119 108 325 121 108 326 64 109 327 122 109 328 62 109 329 62 110 330 122 110 331 123 110 332 62 111 333 123 111 334 124 111 335 125 112 336 15 112 337 49 112 338 49 113 339 15 113 340 17 113 341 49 114 342 17 114 343 40 114 344 40 115 345 17 115 346 126 115 347 40 116 348 126 116 349 82 116 350 72 117 351 127 117 352 40 117 353 40 118 354 127 118 355 128 118 356 40 119 357 128 119 358 129 119 359 130 120 360 131 120 361 92 120 362 92 121 363 131 121 364 132 121 365 92 122 366 132 122 367 90 122 368 93 123 369 133 123 370 92 123 371 92 124 372 133 124 373 134 124 374 92 125 375 134 125 376 135 125 377 135 126 378 134 126 379 136 126 380 137 127 381 138 127 382 119 127 383 119 128 384 138 128 385 139 128 386 119 129 387 139 129 388 140 129 389 140 130 390 141 130 391 119 130 392 119 131 393 141 131 394 142 131 395 119 132 396 142 132 397 121 132 398 143 133 399 144 133 400 62 133 401 62 134 402 144 134 403 145 134 404 62 135 405 145 135 406 77 135 407 124 136 408 146 136 409 62 136 410 62 137 411 146 137 412 147 137 413 62 138 414 147 138 415 60 138 416 60 139 417 147 139 418 148 139 419 60 140 420 148 140 421 61 140 422 129 141 423 149 141 424 40 141 425 40 142 426 149 142 427 150 142 428 40 143 429 150 143 430 41 143 431 66 144 432 151 144 433 12 144 434 12 145 435 151 145 436 152 145 437 12 146 438 152 146 439 153 146 440 51 147 441 154 147 442 50 147 443 50 148 444 154 148 445 155 148 446 50 149 447 155 149 448 156 149 449 156 150 450 155 150 451 157 150 452 156 151 453 157 151 454 158 151 455 158 152 456 157 152 457 159 152 458 158 153 459 159 153 460 160 153 461 160 154 462 159 154 463 161 154 464 160 155 465 161 155 466 162 155 467 162 156 468 161 156 469 163 156 470 113 157 471 23 157 472 92 157 473 92 158 474 23 158 475 164 158 476 92 159 477 164 159 478 130 159 479 153 160 480 165 160 481 12 160 482 12 161 483 165 161 484 166 161 485 12 162 486 166 162 487 10 162 488 101 163 489 167 163 490 168 163 491 101 164 492 169 164 493 170 164 494 171 165 495 172 165 496 62 165 497 62 166 498 172 166 499 173 166 500 62 167 501 173 167 502 143 167 503 174 168 504 175 168 505 13 168 506 13 169 507 175 169 508 176 169 509 13 170 510 176 170 511 31 170 512 99 171 513 177 171 514 100 171 515 100 172 516 177 172 517 178 172 518 100 173 519 178 173 520 179 173 521 179 174 522 178 174 523 180 174 524 179 175 525 180 175 526 181 175 527 181 176 528 180 176 529 182 176 530 181 177 531 182 177 532 183 177 533 183 178 534 182 178 535 184 178 536 183 179 537 184 179 538 185 179 539 185 180 540 184 180 541 186 180 542 185 181 543 186 181 544 187 181 545 168 182 546 188 182 547 101 182 548 101 183 549 188 183 550 189 183 551 101 184 552 189 184 553 190 184 554 190 185 555 191 185 556 101 185 557 101 186 558 191 186 559 192 186 560 101 187 561 192 187 562 193 187 563 193 188 564 194 188 565 101 188 566 101 189 567 194 189 568 195 189 569 101 190 570 195 190 571 169 190 572 170 191 573 196 191 574 101 191 575 101 192 576 196 192 577 197 192 578 101 193 579 197 193 580 102 193 581 198 194 582 199 194 583 62 194 584 62 195 585 199 195 586 200 195 587 62 196 588 200 196 589 171 196 590 201 197 591 202 197 592 203 197 593 203 198 594 202 198 595 187 198 596 203 199 597 187 199 598 204 199 599 204 200 600 187 200 601 186 200 602 174 201 603 13 201 604 205 201 605 205 202 606 13 202 607 206 202 608 205 203 609 206 203 610 207 203 611 207 204 612 206 204 613 208 204 614 207 205 615 208 205 616 201 205 617 201 206 618 208 206 619 209 206 620 201 207 621 209 207 622 202 207 623 11 208 624 210 208 625 81 208 626 81 209 627 210 209 628 211 209 629 81 210 630 211 210 631 212 210 632 212 211 633 211 211 634 213 211 635 212 212 636 213 212 637 214 212 638 214 213 639 213 213 640 215 213 641 214 214 642 215 214 643 216 214 644 216 215 645 215 215 646 217 215 647 216 216 648 217 216 649 218 216 650 218 217 651 217 217 652 219 217 653 218 218 654 219 218 655 220 218 656 220 219 657 219 219 658 221 219 659 220 220 660 221 220 661 222 220 662 222 221 663 221 221 664 223 221 665 222 222 666 223 222 667 224 222 668 224 223 669 223 223 670 225 223 671 224 224 672 225 224 673 226 224 674 226 225 675 225 225 676 227 225 677 226 226 678 227 226 679 228 226 680 228 227 681 227 227 682 229 227 683 228 228 684 229 228 685 230 228 686 230 229 687 229 229 688 231 229 689 230 230 690 231 230 691 232 230 692 232 231 693 231 231 694 233 231 695 232 232 696 233 232 697 234 232 698 234 233 699 233 233 700 235 233 701 234 234 702 235 234 703 236 234 704 236 235 705 235 235 706 237 235 707 236 236 708 237 236 709 30 236 710 30 237 711 237 237 712 238 237 713 30 238 714 238 238 715 29 238 716 239 239 717 240 239 718 241 239 719 242 240 720 243 240 721 244 240 722 241 241 723 240 241 724 245 241 725 245 242 726 240 242 727 246 242 728 245 243 729 246 243 730 247 243 731 248 244 732 249 244 733 250 244 734 251 245 735 252 245 736 253 245 737 254 246 738 247 246 739 255 246 740 256 247 741 257 247 742 258 247 743 239 248 744 241 248 745 259 248 746 259 249 747 241 249 748 260 249 749 259 250 750 260 250 751 261 250 752 249 251 753 262 251 754 250 251 755 250 252 756 262 252 757 263 252 758 250 253 759 263 253 760 264 253 761 265 254 762 266 254 763 267 254 764 267 255 765 266 255 766 268 255 767 267 256 768 268 256 769 242 256 770 242 257 771 268 257 772 269 257 773 242 258 774 269 258 775 243 258 776 243 259 777 269 259 778 270 259 779 243 260 780 270 260 781 271 260 782 253 261 783 267 261 784 251 261 785 251 262 786 267 262 787 272 262 788 251 263 789 272 263 790 258 263 791 258 264 792 272 264 793 273 264 794 258 265 795 273 265 796 274 265 797 275 266 798 265 266 799 276 266 800 276 267 801 265 267 802 267 267 803 276 268 804 267 268 805 277 268 806 277 269 807 267 269 808 253 269 809 277 270 810 253 270 811 278 270 812 279 271 813 280 271 814 281 271 815 261 272 816 260 272 817 282 272 818 282 273 819 260 273 820 283 273 821 282 274 822 283 274 823 284 274 824 284 275 825 283 275 826 285 275 827 284 276 828 285 276 829 286 276 830 271 277 831 287 277 832 243 277 833 243 278 834 287 278 835 288 278 836 243 279 837 288 279 838 289 279 839 290 280 840 291 280 841 258 280 842 258 281 843 291 281 844 292 281 845 293 282 846 294 282 847 295 282 848 295 283 849 294 283 850 296 283 851 297 284 852 298 284 853 250 284 854 250 285 855 298 285 856 299 285 857 250 286 858 299 286 859 248 286 860 300 287 861 301 287 862 302 287 863 303 288 864 304 288 865 305 288 866 305 289 867 304 289 868 306 289 869 305 290 870 306 290 871 307 290 872 307 291 873 306 291 874 308 291 875 303 292 876 309 292 877 304 292 878 304 293 879 309 293 880 310 293 881 304 294 882 310 294 883 246 294 884 246 295 885 310 295 886 293 295 887 246 296 888 293 296 889 247 296 890 247 297 891 293 297 892 295 297 893 247 298 894 295 298 895 255 298 896 311 299 897 304 299 898 312 299 899 312 300 900 304 300 901 313 300 902 314 301 903 315 301 904 311 301 905 311 302 906 315 302 907 316 302 908 311 303 909 316 303 910 304 303 911 304 304 912 316 304 913 317 304 914 304 305 915 317 305 916 306 305 917 265 306 918 318 306 919 266 306 920 266 307 921 318 307 922 319 307 923 266 308 924 319 308 925 250 308 926 250 309 927 319 309 928 320 309 929 250 310 930 320 310 931 297 310 932 264 311 933 321 311 934 250 311 935 250 312 936 321 312 937 322 312 938 250 313 939 322 313 940 323 313 941 324 314 942 325 314 943 258 314 944 258 315 945 325 315 946 326 315 947 258 316 948 326 316 949 290 316 950 296 317 951 327 317 952 295 317 953 295 318 954 327 318 955 328 318 956 295 319 957 328 319 958 329 319 959 330 320 960 331 320 961 281 320 962 281 321 963 331 321 964 300 321 965 332 322 966 333 322 967 311 322 968 311 323 969 333 323 970 334 323 971 311 324 972 334 324 973 335 324 974 335 325 975 336 325 976 311 325 977 311 326 978 336 326 979 337 326 980 311 327 981 337 327 982 338 327 983 286 328 984 285 328 985 339 328 986 339 329 987 285 329 988 340 329 989 339 330 990 340 330 991 341 330 992 341 331 993 340 331 994 342 331 995 341 332 996 342 332 997 343 332 998 343 333 999 342 333 1000 344 333 1001 343 334 1002 344 334 1003 345 334 1004 345 335 1005 344 335 1006 346 335 1007 345 336 1008 346 336 1009 347 336 1010 292 337 1011 348 337 1012 258 337 1013 258 338 1014 348 338 1015 349 338 1016 258 339 1017 349 339 1018 350 339 1019 300 340 1020 302 340 1021 281 340 1022 281 341 1023 302 341 1024 351 341 1025 281 342 1026 351 342 1027 279 342 1028 330 343 1029 281 343 1030 352 343 1031 352 344 1032 281 344 1033 353 344 1034 352 345 1035 353 345 1036 306 345 1037 306 346 1038 353 346 1039 354 346 1040 306 347 1041 354 347 1042 308 347 1043 355 348 1044 356 348 1045 357 348 1046 358 349 1047 359 349 1048 311 349 1049 311 350 1050 359 350 1051 360 350 1052 311 351 1053 360 351 1054 361 351 1055 350 352 1056 362 352 1057 258 352 1058 258 353 1059 362 353 1060 254 353 1061 258 354 1062 254 354 1063 256 354 1064 256 355 1065 254 355 1066 255 355 1067 256 356 1068 255 356 1069 363 356 1070 364 357 1071 365 357 1072 366 357 1073 366 358 1074 365 358 1075 367 358 1076 313 359 1077 368 359 1078 312 359 1079 312 360 1080 368 360 1081 369 360 1082 312 361 1083 369 361 1084 370 361 1085 370 362 1086 369 362 1087 371 362 1088 370 363 1089 371 363 1090 372 363 1091 338 364 1092 373 364 1093 311 364 1094 311 365 1095 373 365 1096 374 365 1097 311 366 1098 374 366 1099 314 366 1100 323 367 1101 375 367 1102 250 367 1103 250 368 1104 375 368 1105 376 368 1106 250 369 1107 376 369 1108 377 369 1109 274 370 1110 378 370 1111 258 370 1112 258 371 1113 378 371 1114 379 371 1115 258 372 1116 379 372 1117 324 372 1118 380 373 1119 381 373 1120 367 373 1121 367 374 1122 381 374 1123 382 374 1124 367 375 1125 382 375 1126 366 375 1127 372 376 1128 383 376 1129 370 376 1130 370 377 1131 383 377 1132 384 377 1133 370 378 1134 384 378 1135 357 378 1136 385 379 1137 386 379 1138 387 379 1139 388 380 1140 389 380 1141 311 380 1142 311 381 1143 389 381 1144 390 381 1145 311 382 1146 390 382 1147 391 382 1148 391 383 1149 392 383 1150 311 383 1151 311 384 1152 392 384 1153 393 384 1154 311 385 1155 393 385 1156 358 385 1157 361 386 1158 394 386 1159 311 386 1160 311 387 1161 394 387 1162 395 387 1163 311 388 1164 395 388 1165 332 388 1166 396 389 1167 258 389 1168 397 389 1169 397 390 1170 258 390 1171 257 390 1172 397 391 1173 257 391 1174 398 391 1175 398 392 1176 257 392 1177 399 392 1178 398 393 1179 399 393 1180 400 393 1181 400 394 1182 399 394 1183 401 394 1184 400 395 1185 401 395 1186 402 395 1187 402 396 1188 401 396 1189 403 396 1190 402 397 1191 403 397 1192 404 397 1193 404 398 1194 403 398 1195 405 398 1196 404 399 1197 405 399 1198 406 399 1199 385 400 1200 387 400 1201 357 400 1202 357 401 1203 387 401 1204 407 401 1205 357 402 1206 407 402 1207 355 402 1208 356 403 1209 408 403 1210 357 403 1211 357 404 1212 408 404 1213 409 404 1214 357 405 1215 409 405 1216 410 405 1217 411 406 1218 412 406 1219 365 406 1220 365 407 1221 412 407 1222 413 407 1223 365 408 1224 413 408 1225 414 408 1226 415 409 1227 416 409 1228 417 409 1229 417 410 1230 416 410 1231 250 410 1232 417 411 1233 250 411 1234 418 411 1235 418 412 1236 250 412 1237 377 412 1238 364 413 1239 419 413 1240 365 413 1241 365 414 1242 419 414 1243 420 414 1244 365 415 1245 420 415 1246 421 415 1247 365 416 1248 422 416 1249 423 416 1250 410 417 1251 424 417 1252 357 417 1253 357 418 1254 424 418 1255 425 418 1256 357 419 1257 425 419 1258 370 419 1259 421 420 1260 426 420 1261 365 420 1262 365 421 1263 426 421 1264 427 421 1265 365 422 1266 427 422 1267 422 422 1268 423 423 1269 428 423 1270 365 423 1271 365 424 1272 428 424 1273 429 424 1274 365 425 1275 429 425 1276 430 425 1277 430 426 1278 431 426 1279 365 426 1280 365 427 1281 431 427 1282 432 427 1283 365 428 1284 432 428 1285 411 428 1286 244 429 1287 433 429 1288 242 429 1289 242 430 1290 433 430 1291 434 430 1292 242 431 1293 434 431 1294 435 431 1295 435 432 1296 434 432 1297 436 432 1298 435 433 1299 436 433 1300 437 433 1301 437 434 1302 436 434 1303 438 434 1304 437 435 1305 438 435 1306 439 435 1307 347 436 1308 346 436 1309 440 436 1310 440 437 1311 346 437 1312 441 437 1313 440 438 1314 441 438 1315 442 438 1316 442 439 1317 441 439 1318 443 439 1319 442 440 1320 443 440 1321 444 440 1322 444 441 1323 443 441 1324 445 441 1325 444 442 1326 445 442 1327 446 442 1328 446 443 1329 445 443 1330 447 443 1331 446 444 1332 447 444 1333 448 444 1334 448 445 1335 447 445 1336 449 445 1337 448 446 1338 449 446 1339 450 446 1340 450 447 1341 449 447 1342 451 447 1343 450 448 1344 451 448 1345 452 448 1346 452 449 1347 451 449 1348 453 449 1349 452 450 1350 453 450 1351 454 450 1352 329 451 1353 455 451 1354 295 451 1355 295 452 1356 455 452 1357 456 452 1358 295 453 1359 456 453 1360 457 453 1361 457 454 1362 456 454 1363 458 454 1364 457 455 1365 458 455 1366 459 455 1367 459 456 1368 458 456 1369 460 456 1370 459 457 1371 460 457 1372 461 457 1373 461 458 1374 460 458 1375 462 458 1376 461 459 1377 462 459 1378 463 459 1379 463 460 1380 462 460 1381 464 460 1382 463 461 1383 464 461 1384 465 461 1385 465 462 1386 464 462 1387 466 462 1388 465 463 1389 466 463 1390 467 463 1391 467 464 1392 466 464 1393 468 464 1394 467 465 1395 468 465 1396 469 465 1397 469 466 1398 468 466 1399 470 466 1400 469 467 1401 470 467 1402 471 467 1403 471 468 1404 470 468 1405 472 468 1406 471 469 1407 472 469 1408 380 469 1409 380 470 1410 472 470 1411 473 470 1412 380 471 1413 473 471 1414 381 471 1415 438 472 1416 474 472 1417 439 472 1418 439 473 1419 474 473 1420 475 473 1421 439 474 1422 475 474 1423 476 474 1424 476 475 1425 475 475 1426 454 475 1427 476 476 1428 454 476 1429 477 476 1430 477 477 1431 454 477 1432 453 477 1433 198 478 1434 62 478 1435 416 478 1436 416 479 1437 62 479 1438 250 479 1439 199 480 1440 198 480 1441 415 480 1442 415 481 1443 198 481 1444 416 481 1445 199 482 1446 478 482 1447 479 482 1448 199 483 1449 479 483 1450 200 483 1451 200 484 1452 479 484 1453 480 484 1454 200 485 1455 480 485 1456 171 485 1457 171 486 1458 480 486 1459 481 486 1460 171 487 1461 481 487 1462 172 487 1463 172 488 1464 481 488 1465 482 488 1466 172 489 1467 482 489 1468 173 489 1469 173 490 1470 482 490 1471 483 490 1472 173 491 1473 483 491 1474 143 491 1475 143 492 1476 483 492 1477 484 492 1478 143 493 1479 484 493 1480 144 493 1481 144 494 1482 484 494 1483 485 494 1484 144 495 1485 485 495 1486 145 495 1487 145 496 1488 485 496 1489 486 496 1490 145 497 1491 486 497 1492 77 497 1493 77 498 1494 486 498 1495 487 498 1496 77 499 1497 487 499 1498 78 499 1499 78 500 1500 487 500 1501 488 500 1502 78 501 1503 488 501 1504 79 501 1505 79 502 1506 488 502 1507 489 502 1508 79 503 1509 489 503 1510 63 503 1511 63 504 1512 489 504 1513 490 504 1514 63 505 1515 490 505 1516 64 505 1517 64 506 1518 490 506 1519 491 506 1520 64 507 1521 491 507 1522 122 507 1523 122 508 1524 491 508 1525 492 508 1526 122 509 1527 492 509 1528 123 509 1529 123 510 1530 492 510 1531 493 510 1532 123 511 1533 493 511 1534 124 511 1535 124 512 1536 493 512 1537 494 512 1538 124 513 1539 494 513 1540 146 513 1541 146 514 1542 494 514 1543 495 514 1544 146 515 1545 495 515 1546 147 515 1547 147 516 1548 495 516 1549 496 516 1550 147 517 1551 496 517 1552 148 517 1553 148 518 1554 496 518 1555 497 518 1556 148 519 1557 497 519 1558 61 519 1559 61 520 1560 497 520 1561 498 520 1562 61 521 1563 498 521 1564 34 521 1565 35 522 1566 34 522 1567 275 522 1568 275 523 1569 34 523 1570 265 523 1571 33 524 1572 35 524 1573 276 524 1574 276 525 1575 35 525 1576 275 525 1577 19 526 1578 33 526 1579 277 526 1580 277 527 1581 33 527 1582 276 527 1583 20 528 1584 19 528 1585 499 528 1586 499 529 1587 19 529 1588 500 529 1589 36 530 1590 20 530 1591 501 530 1592 501 531 1593 20 531 1594 499 531 1595 37 532 1596 36 532 1597 252 532 1598 252 533 1599 36 533 1600 253 533 1601 38 534 1602 37 534 1603 251 534 1604 251 535 1605 37 535 1606 252 535 1607 40 536 1608 38 536 1609 258 536 1610 258 537 1611 38 537 1612 251 537 1613 51 538 1614 40 538 1615 396 538 1616 396 539 1617 40 539 1618 258 539 1619 154 540 1620 51 540 1621 502 540 1622 502 541 1623 51 541 1624 503 541 1625 154 542 1626 397 542 1627 398 542 1628 154 543 1629 398 543 1630 155 543 1631 155 544 1632 398 544 1633 504 544 1634 155 545 1635 504 545 1636 157 545 1637 157 546 1638 504 546 1639 402 546 1640 157 547 1641 402 547 1642 159 547 1643 159 548 1644 402 548 1645 404 548 1646 159 549 1647 404 549 1648 161 549 1649 161 550 1650 404 550 1651 505 550 1652 161 551 1653 505 551 1654 163 551 1655 163 552 1656 505 552 1657 405 552 1658 163 553 1659 405 553 1660 162 553 1661 162 554 1662 405 554 1663 403 554 1664 162 555 1665 403 555 1666 160 555 1667 160 556 1668 403 556 1669 401 556 1670 160 557 1671 401 557 1672 158 557 1673 158 558 1674 401 558 1675 399 558 1676 158 559 1677 399 559 1678 156 559 1679 156 560 1680 399 560 1681 257 560 1682 156 561 1683 257 561 1684 50 561 1685 50 562 1686 257 562 1687 256 562 1688 50 563 1689 256 563 1690 49 563 1691 125 564 1692 49 564 1693 363 564 1694 363 565 1695 49 565 1696 256 565 1697 15 566 1698 125 566 1699 255 566 1700 255 567 1701 125 567 1702 363 567 1703 13 568 1704 15 568 1705 506 568 1706 506 569 1707 15 569 1708 507 569 1709 13 570 1710 508 570 1711 509 570 1712 13 571 1713 509 571 1714 206 571 1715 206 572 1716 509 572 1717 510 572 1718 206 573 1719 510 573 1720 208 573 1721 208 574 1722 510 574 1723 511 574 1724 208 575 1725 511 575 1726 209 575 1727 209 576 1728 511 576 1729 512 576 1730 209 577 1731 512 577 1732 202 577 1733 202 578 1734 512 578 1735 513 578 1736 202 579 1737 513 579 1738 187 579 1739 187 580 1740 513 580 1741 514 580 1742 187 581 1743 514 581 1744 185 581 1745 185 582 1746 514 582 1747 515 582 1748 185 583 1749 515 583 1750 183 583 1751 183 584 1752 515 584 1753 516 584 1754 183 585 1755 516 585 1756 181 585 1757 181 586 1758 516 586 1759 517 586 1760 181 587 1761 517 587 1762 179 587 1763 179 588 1764 517 588 1765 367 588 1766 179 589 1767 367 589 1768 100 589 1769 100 590 1770 367 590 1771 365 590 1772 100 591 1773 365 591 1774 101 591 1775 101 592 1776 365 592 1777 518 592 1778 101 593 1779 518 593 1780 167 593 1781 167 594 1782 519 594 1783 520 594 1784 167 595 1785 520 595 1786 168 595 1787 168 596 1788 520 596 1789 521 596 1790 168 597 1791 521 597 1792 188 597 1793 188 598 1794 521 598 1795 522 598 1796 188 599 1797 522 599 1798 189 599 1799 189 600 1800 522 600 1801 523 600 1802 189 601 1803 523 601 1804 190 601 1805 190 602 1806 523 602 1807 524 602 1808 190 603 1809 524 603 1810 191 603 1811 191 604 1812 524 604 1813 525 604 1814 191 605 1815 525 605 1816 192 605 1817 192 606 1818 525 606 1819 526 606 1820 192 607 1821 526 607 1822 193 607 1823 193 608 1824 526 608 1825 428 608 1826 193 609 1827 428 609 1828 194 609 1829 194 610 1830 428 610 1831 527 610 1832 194 611 1833 527 611 1834 195 611 1835 195 612 1836 527 612 1837 528 612 1838 195 613 1839 528 613 1840 169 613 1841 169 614 1842 528 614 1843 529 614 1844 169 615 1845 529 615 1846 170 615 1847 170 616 1848 529 616 1849 530 616 1850 170 617 1851 530 617 1852 196 617 1853 196 618 1854 530 618 1855 531 618 1856 196 619 1857 531 619 1858 197 619 1859 197 620 1860 531 620 1861 532 620 1862 197 621 1863 532 621 1864 102 621 1865 102 622 1866 532 622 1867 533 622 1868 102 623 1869 533 623 1870 103 623 1871 103 624 1872 533 624 1873 534 624 1874 103 625 1875 534 625 1876 104 625 1877 104 626 1878 534 626 1879 535 626 1880 104 627 1881 535 627 1882 99 627 1883 99 628 1884 535 628 1885 536 628 1886 99 629 1887 536 629 1888 177 629 1889 177 630 1890 536 630 1891 537 630 1892 177 631 1893 537 631 1894 178 631 1895 178 632 1896 537 632 1897 538 632 1898 178 633 1899 538 633 1900 180 633 1901 180 634 1902 538 634 1903 539 634 1904 180 635 1905 539 635 1906 182 635 1907 182 636 1908 539 636 1909 540 636 1910 182 637 1911 540 637 1912 184 637 1913 184 638 1914 540 638 1915 541 638 1916 184 639 1917 541 639 1918 186 639 1919 186 640 1920 541 640 1921 542 640 1922 186 641 1923 542 641 1924 204 641 1925 204 642 1926 542 642 1927 543 642 1928 204 643 1929 543 643 1930 203 643 1931 203 644 1932 543 644 1933 462 644 1934 203 645 1935 462 645 1936 201 645 1937 201 646 1938 462 646 1939 544 646 1940 201 647 1941 544 647 1942 207 647 1943 207 648 1944 544 648 1945 458 648 1946 207 649 1947 458 649 1948 205 649 1949 205 650 1950 458 650 1951 545 650 1952 205 651 1953 545 651 1954 174 651 1955 174 652 1956 545 652 1957 546 652 1958 174 653 1959 546 653 1960 175 653 1961 175 654 1962 546 654 1963 547 654 1964 175 655 1965 547 655 1966 176 655 1967 176 656 1968 547 656 1969 548 656 1970 176 657 1971 548 657 1972 31 657 1973 31 658 1974 548 658 1975 549 658 1976 31 659 1977 549 659 1978 32 659 1979 32 660 1980 549 660 1981 296 660 1982 32 661 1983 296 661 1984 52 661 1985 52 662 1986 296 662 1987 550 662 1988 52 663 1989 550 663 1990 53 663 1991 53 664 1992 550 664 1993 551 664 1994 53 665 1995 551 665 1996 14 665 1997 14 666 1998 551 666 1999 552 666 2000 14 667 2001 552 667 2002 76 667 2003 76 668 2004 552 668 2005 309 668 2006 76 669 2007 309 669 2008 94 669 2009 94 670 2010 309 670 2011 553 670 2012 94 671 2013 553 671 2014 95 671 2015 95 672 2016 553 672 2017 554 672 2018 95 673 2019 554 673 2020 96 673 2021 96 674 2022 554 674 2023 555 674 2024 96 675 2025 555 675 2026 47 675 2027 47 676 2028 555 676 2029 556 676 2030 47 677 2031 556 677 2032 48 677 2033 48 678 2034 556 678 2035 557 678 2036 48 679 2037 557 679 2038 116 679 2039 116 680 2040 557 680 2041 558 680 2042 116 681 2043 558 681 2044 117 681 2045 117 682 2046 558 682 2047 559 682 2048 117 683 2049 559 683 2050 119 683 2051 137 684 2052 119 684 2053 280 684 2054 280 685 2055 119 685 2056 281 685 2057 137 686 2058 280 686 2059 279 686 2060 137 687 2061 279 687 2062 138 687 2063 138 688 2064 279 688 2065 351 688 2066 138 689 2067 351 689 2068 139 689 2069 139 690 2070 351 690 2071 302 690 2072 139 691 2073 302 691 2074 140 691 2075 140 692 2076 302 692 2077 301 692 2078 140 693 2079 301 693 2080 141 693 2081 142 694 2082 141 694 2083 300 694 2084 300 695 2085 141 695 2086 301 695 2087 142 696 2088 300 696 2089 331 696 2090 142 697 2091 331 697 2092 121 697 2093 121 698 2094 331 698 2095 330 698 2096 121 699 2097 330 699 2098 120 699 2099 120 700 2100 330 700 2101 352 700 2102 120 701 2103 352 701 2104 118 701 2105 118 702 2106 352 702 2107 306 702 2108 118 703 2109 306 703 2110 8 703 2111 8 704 2112 306 704 2113 317 704 2114 8 705 2115 317 705 2116 9 705 2117 9 706 2118 317 706 2119 316 706 2120 9 707 2121 316 707 2122 3 707 2123 3 708 2124 316 708 2125 315 708 2126 3 709 2127 315 709 2128 73 709 2129 73 710 2130 315 710 2131 314 710 2132 73 711 2133 314 711 2134 74 711 2135 74 712 2136 314 712 2137 560 712 2138 74 713 2139 560 713 2140 75 713 2141 75 714 2142 560 714 2143 561 714 2144 75 715 2145 561 715 2146 85 715 2147 85 716 2148 561 716 2149 562 716 2150 85 717 2151 562 717 2152 86 717 2153 86 718 2154 562 718 2155 337 718 2156 86 719 2157 337 719 2158 42 719 2159 42 720 2160 337 720 2161 336 720 2162 42 721 2163 336 721 2164 43 721 2165 43 722 2166 336 722 2167 563 722 2168 43 723 2169 563 723 2170 44 723 2171 44 724 2172 563 724 2173 334 724 2174 44 725 2175 334 725 2176 45 725 2177 45 726 2178 334 726 2179 333 726 2180 45 727 2181 333 727 2182 87 727 2183 87 728 2184 333 728 2185 332 728 2186 87 729 2187 332 729 2188 88 729 2189 88 730 2190 332 730 2191 395 730 2192 88 731 2193 395 731 2194 89 731 2195 89 732 2196 395 732 2197 394 732 2198 89 733 2199 394 733 2200 105 733 2201 105 734 2202 394 734 2203 361 734 2204 105 735 2205 361 735 2206 106 735 2207 106 736 2208 361 736 2209 360 736 2210 106 737 2211 360 737 2212 54 737 2213 54 738 2214 360 738 2215 359 738 2216 54 739 2217 359 739 2218 55 739 2219 55 740 2220 359 740 2221 358 740 2222 55 741 2223 358 741 2224 56 741 2225 56 742 2226 358 742 2227 393 742 2228 56 743 2229 393 743 2230 107 743 2231 107 744 2232 393 744 2233 392 744 2234 107 745 2235 392 745 2236 108 745 2237 108 746 2238 392 746 2239 391 746 2240 108 747 2241 391 747 2242 109 747 2243 109 748 2244 391 748 2245 390 748 2246 109 749 2247 390 749 2248 110 749 2249 110 750 2250 390 750 2251 389 750 2252 110 751 2253 389 751 2254 111 751 2255 111 752 2256 389 752 2257 388 752 2258 111 753 2259 388 753 2260 112 753 2261 112 754 2262 388 754 2263 311 754 2264 112 755 2265 311 755 2266 4 755 2267 5 756 2268 4 756 2269 312 756 2270 312 757 2271 4 757 2272 311 757 2273 23 758 2274 5 758 2275 370 758 2276 370 759 2277 5 759 2278 312 759 2279 23 760 2280 370 760 2281 425 760 2282 23 761 2283 425 761 2284 164 761 2285 164 762 2286 425 762 2287 424 762 2288 164 763 2289 424 763 2290 130 763 2291 130 764 2292 424 764 2293 410 764 2294 130 765 2295 410 765 2296 131 765 2297 131 766 2298 410 766 2299 409 766 2300 131 767 2301 409 767 2302 132 767 2303 132 768 2304 409 768 2305 408 768 2306 132 769 2307 408 769 2308 90 769 2309 90 770 2310 408 770 2311 564 770 2312 90 771 2313 564 771 2314 91 771 2315 91 772 2316 564 772 2317 355 772 2318 91 773 2319 355 773 2320 93 773 2321 93 774 2322 355 774 2323 407 774 2324 93 775 2325 407 775 2326 133 775 2327 133 776 2328 407 776 2329 387 776 2330 133 777 2331 387 777 2332 134 777 2333 134 778 2334 387 778 2335 386 778 2336 134 779 2337 386 779 2338 136 779 2339 136 780 2340 386 780 2341 385 780 2342 136 781 2343 385 781 2344 135 781 2345 135 782 2346 385 782 2347 357 782 2348 135 783 2349 357 783 2350 92 783 2351 92 784 2352 357 784 2353 384 784 2354 92 785 2355 384 785 2356 113 785 2357 113 786 2358 384 786 2359 383 786 2360 113 787 2361 383 787 2362 114 787 2363 114 788 2364 383 788 2365 372 788 2366 114 789 2367 372 789 2368 115 789 2369 115 790 2370 372 790 2371 371 790 2372 115 791 2373 371 791 2374 24 791 2375 24 792 2376 371 792 2377 369 792 2378 24 793 2379 369 793 2380 22 793 2381 22 794 2382 369 794 2383 368 794 2384 22 795 2385 368 795 2386 21 795 2387 21 796 2388 368 796 2389 313 796 2390 21 797 2391 313 797 2392 46 797 2393 7 798 2394 46 798 2395 304 798 2396 304 799 2397 46 799 2398 313 799 2399 0 800 2400 7 800 2401 246 800 2402 246 801 2403 7 801 2404 304 801 2405 80 802 2406 0 802 2407 240 802 2408 240 803 2409 0 803 2410 246 803 2411 66 804 2412 80 804 2413 239 804 2414 239 805 2415 80 805 2416 240 805 2417 66 806 2418 565 806 2419 566 806 2420 66 807 2421 566 807 2422 151 807 2423 151 808 2424 566 808 2425 567 808 2426 151 809 2427 567 809 2428 152 809 2429 152 810 2430 567 810 2431 282 810 2432 152 811 2433 282 811 2434 153 811 2435 153 812 2436 282 812 2437 568 812 2438 153 813 2439 568 813 2440 165 813 2441 165 814 2442 568 814 2443 569 814 2444 165 815 2445 569 815 2446 166 815 2447 166 816 2448 569 816 2449 570 816 2450 166 817 2451 570 817 2452 10 817 2453 10 818 2454 570 818 2455 341 818 2456 10 819 2457 341 819 2458 11 819 2459 11 820 2460 341 820 2461 571 820 2462 11 821 2463 571 821 2464 210 821 2465 210 822 2466 571 822 2467 572 822 2468 210 823 2469 572 823 2470 211 823 2471 211 824 2472 572 824 2473 573 824 2474 211 825 2475 573 825 2476 213 825 2477 213 826 2478 573 826 2479 574 826 2480 213 827 2481 574 827 2482 215 827 2483 215 828 2484 574 828 2485 575 828 2486 215 829 2487 575 829 2488 217 829 2489 217 830 2490 575 830 2491 576 830 2492 217 831 2493 576 831 2494 219 831 2495 219 832 2496 576 832 2497 577 832 2498 219 833 2499 577 833 2500 221 833 2501 221 834 2502 577 834 2503 578 834 2504 221 835 2505 578 835 2506 223 835 2507 223 836 2508 578 836 2509 579 836 2510 223 837 2511 579 837 2512 225 837 2513 225 838 2514 579 838 2515 580 838 2516 225 839 2517 580 839 2518 227 839 2519 227 840 2520 580 840 2521 581 840 2522 227 841 2523 581 841 2524 229 841 2525 229 842 2526 581 842 2527 582 842 2528 229 843 2529 582 843 2530 231 843 2531 231 844 2532 582 844 2533 583 844 2534 231 845 2535 583 845 2536 233 845 2537 233 846 2538 583 846 2539 584 846 2540 233 847 2541 584 847 2542 235 847 2543 235 848 2544 584 848 2545 585 848 2546 235 849 2547 585 849 2548 237 849 2549 237 850 2550 585 850 2551 586 850 2552 237 851 2553 586 851 2554 238 851 2555 238 852 2556 586 852 2557 587 852 2558 238 853 2559 587 853 2560 29 853 2561 28 854 2562 29 854 2563 244 854 2564 244 855 2565 29 855 2566 433 855 2567 27 856 2568 28 856 2569 243 856 2570 243 857 2571 28 857 2572 244 857 2573 57 858 2574 27 858 2575 289 858 2576 289 859 2577 27 859 2578 243 859 2579 57 860 2580 289 860 2581 588 860 2582 57 861 2583 588 861 2584 58 861 2585 58 862 2586 588 862 2587 287 862 2588 58 863 2589 287 863 2590 97 863 2591 97 864 2592 287 864 2593 271 864 2594 97 865 2595 271 865 2596 98 865 2597 98 866 2598 271 866 2599 270 866 2600 98 867 2601 270 867 2602 25 867 2603 25 868 2604 270 868 2605 269 868 2606 25 869 2607 269 869 2608 26 869 2609 26 870 2610 269 870 2611 268 870 2612 26 871 2613 268 871 2614 59 871 2615 60 872 2616 59 872 2617 266 872 2618 266 873 2619 59 873 2620 268 873 2621 62 874 2622 60 874 2623 250 874 2624 250 875 2625 60 875 2626 266 875 2627 17 876 2628 254 876 2629 362 876 2630 17 877 2631 362 877 2632 126 877 2633 126 878 2634 362 878 2635 589 878 2636 126 879 2637 589 879 2638 82 879 2639 82 880 2640 589 880 2641 349 880 2642 82 881 2643 349 881 2644 83 881 2645 83 882 2646 349 882 2647 348 882 2648 83 883 2649 348 883 2650 84 883 2651 84 884 2652 348 884 2653 292 884 2654 84 885 2655 292 885 2656 69 885 2657 69 886 2658 292 886 2659 590 886 2660 69 887 2661 590 887 2662 70 887 2663 70 888 2664 590 888 2665 591 888 2666 70 889 2667 591 889 2668 71 889 2669 71 890 2670 591 890 2671 326 890 2672 71 891 2673 326 891 2674 72 891 2675 72 892 2676 326 892 2677 325 892 2678 72 893 2679 325 893 2680 127 893 2681 127 894 2682 325 894 2683 324 894 2684 127 895 2685 324 895 2686 128 895 2687 128 896 2688 324 896 2689 379 896 2690 128 897 2691 379 897 2692 129 897 2693 129 898 2694 379 898 2695 592 898 2696 129 899 2697 592 899 2698 149 899 2699 149 900 2700 592 900 2701 274 900 2702 149 901 2703 274 901 2704 150 901 2705 150 902 2706 274 902 2707 593 902 2708 150 903 2709 593 903 2710 41 903 2711 41 904 2712 593 904 2713 272 904 2714 41 905 2715 272 905 2716 39 905 2717 17 906 2718 16 906 2719 254 906 2720 254 907 2721 16 907 2722 247 907 2723 16 908 2724 2 908 2725 247 908 2726 247 909 2727 2 909 2728 245 909 2729 2 910 2730 1 910 2731 245 910 2732 245 911 2733 1 911 2734 241 911 2735 30 912 2736 594 912 2737 595 912 2738 30 913 2739 595 913 2740 236 913 2741 236 914 2742 595 914 2743 437 914 2744 236 915 2745 437 915 2746 234 915 2747 234 916 2748 437 916 2749 596 916 2750 234 917 2751 596 917 2752 232 917 2753 232 918 2754 596 918 2755 597 918 2756 232 919 2757 597 919 2758 230 919 2759 230 920 2760 597 920 2761 598 920 2762 230 921 2763 598 921 2764 228 921 2765 228 922 2766 598 922 2767 599 922 2768 228 923 2769 599 923 2770 226 923 2771 226 924 2772 599 924 2773 600 924 2774 226 925 2775 600 925 2776 224 925 2777 224 926 2778 600 926 2779 601 926 2780 224 927 2781 601 927 2782 222 927 2783 222 928 2784 601 928 2785 602 928 2786 222 929 2787 602 929 2788 220 929 2789 220 930 2790 602 930 2791 603 930 2792 220 931 2793 603 931 2794 218 931 2795 218 932 2796 603 932 2797 604 932 2798 218 933 2799 604 933 2800 216 933 2801 216 934 2802 604 934 2803 605 934 2804 216 935 2805 605 935 2806 214 935 2807 214 936 2808 605 936 2809 606 936 2810 214 937 2811 606 937 2812 212 937 2813 212 938 2814 606 938 2815 607 938 2816 212 939 2817 607 939 2818 81 939 2819 81 940 2820 607 940 2821 608 940 2822 81 941 2823 608 941 2824 12 941 2825 12 942 2826 608 942 2827 609 942 2828 12 943 2829 609 943 2830 65 943 2831 65 944 2832 609 944 2833 610 944 2834 65 945 2835 610 945 2836 67 945 2837 67 946 2838 610 946 2839 611 946 2840 67 947 2841 611 947 2842 68 947 2843 68 948 2844 611 948 2845 612 948 2846 68 949 2847 612 949 2848 6 949 2849 6 950 2850 612 950 2851 613 950 2852 6 951 2853 613 951 2854 1 951 2855 30 952 2856 18 952 2857 242 952 2858 242 953 2859 18 953 2860 267 953 2861 18 954 2862 39 954 2863 614 954 2864 614 955 2865 39 955 2866 615 955 2867</p>
        </triangles>
      </mesh>
    </geometry>
  </library_geometries>
  <library_visual_scenes>
    <visual_scene id="Scene" name="Scene">
      <node id="灭火器" name="灭火器" type="NODE">
        <matrix sid="transform">1 0 0 0 0 1 0 0 0 0 1 0 0 0 0 1</matrix>
        <instance_geometry url="#灭火器-mesh" name="灭火器">
          <bind_material>
            <technique_common>
              <instance_material symbol="材质-material" target="#材质-material">
                <bind_vertex_input semantic="UV贴图" input_semantic="TEXCOORD" input_set="0"/>
              </instance_material>
            </technique_common>
          </bind_material>
        </instance_geometry>
      </node>
      <node id="Camera" name="Camera" type="NODE">
        <matrix sid="transform">0.6859207 -0.3240135 0.6515582 7.358891 0.7276763 0.3054208 -0.6141704 -6.925791 0 0.8953956 0.4452714 4.958309 0 0 0 1</matrix>
        <instance_camera url="#Camera-camera"/>
      </node>
    </visual_scene>
  </library_visual_scenes>
  <scene>
    <instance_visual_scene url="#Scene"/>
  </scene>
</COLLADA>